filename;age_at_initial_diagnosis;sex;breslow;ulceration;histological_type;melanoma_body_site;melanoma_history;BRAF_mutation;locoregional_relapse;time_btw_initial_diagnosis_and_locoregional_relapse;distant_relapse;time_btw_initial_diagnosis_and_distant_relapse;patient_status;global_relapse;time_btw_initial_diagnosis_and_global_relapse;file_cksum;file_size;width;height;resolution;magnification
00shcdng.tif;[78:80[;1;>=4;YES;SSM;arm;;;NO;;NO;;alive;NO;;3453409161;1008947316;98304;59392;0.25;40
00tqwfra.tif;[86:88[;2;[2 : 4[;YES;ALM;foot;YES;;NO;;NO;;alive;NO;;1200048141;701943038;67456;83968;0.226490306214894;40
00v6fzxt.tif;[40:42[;1;[1 : 2[;NO;SSM;lower limb/hip;NO;NO;NO;;NO;;alive;NO;;3567635302;758811980;76416;99056;0.25;40
014gfnsu.tif;[66:68[;1;[2 : 4[;YES;SSM;lower limb/hip;YES;YES;NO;;YES;33.0;dead;YES;33.0;2404960736;1849344998;97824;132336;0.25;40
01g6k4ti.tif;[74:76[;2;[2 : 4[;NO;other;head/neck;YES;NO;YES;13.0;YES;;dead;YES;;3428082171;943339628;86016;81920;0.25;40
01vbzpbz.tif;[68:70[;2;<1;NO;NM;thigh;;;NO;;NO;;alive;NO;;4097016021;71872544;28672;23552;0.25;40
021j1l2q.tif;[74:76[;1;<1;NO;SSM;face;NO;;NO;;NO;;alive;NO;;473935404;3181368188;179030;411074;0.121398698884758;40
02ugc09f.tif;[54:56[;1;<1;NO;SSM;face;;;NO;;NO;;alive;NO;;1539051796;1054002688;134400;85248;0.2302131774022745;40
031viy0y.tif;[28:30[;2;[1 : 2[;NO;SSM;lower limb/hip;NO;YES;NO;;NO;;alive;NO;;654390069;1833241680;106259;306939;0.25;40
044bkxsh.tif;[78:80[;1;<1;NO;SSM;trunc;NO;;NO;;NO;;alive;NO;;3666935395;618470434;140338;80300;0.264384;40
04bu0p1j.tif;[66:68[;2;[1 : 2[;NO;LMM;face;NO;;NO;;NO;;alive;NO;;1344124855;1507960430;88359;204649;0.242797397769517;20
051d2vf1.tif;[80:82[;1;<1;NO;LMM;head/neck;NO;;NO;;NO;;dead;NO;;1252841199;1341311684;123840;251340;0.194475138121547;40
05eq9f1y.tif;[64:66[;2;<1;NO;SSM;leg;;;NO;;NO;;alive;NO;;3671364494;444971568;63488;61184;0.226490306214894;40
06smegk7.tif;[74:76[;2;>=4;YES;unclassified;arm;NO;NO;NO;;YES;21.0;alive;YES;21.0;100664173;1900486106;107136;92160;0.226490306214894;40
07831z7b.tif;[56:58[;2;<1;NO;SSM;arm;;;NO;;NO;;dead;NO;;1925489928;1095149020;73728;101376;0.25;40
07cx21zb.tif;[58:60[;2;[1 : 2[;NO;unclassified;foot;NO;;NO;;NO;;alive;NO;;3908907025;892765984;133553;79991;0.262762;40
08auexbl.tif;[74:76[;1;<1;NO;SSM;leg;NO;NO;NO;;YES;39.0;alive;YES;39.0;3130448384;2054512158;134400;103680;0.2302131774022745;40
08iwwo8m.tif;[60:62[;2;<1;NO;SSM;leg;YES;;NO;;NO;;alive;NO;;2199171857;2619468284;179030;411074;0.121398698884758;40
099x7br5.tif;[88:90[;1;>=4;NO;unclassified;forearm;;;NO;;NO;;dead;NO;;3326252137;1069797958;65536;105472;0.25;40
09lh5igz.tif;[90:92[;2;<1;;LMM;face;;;NO;;NO;;dead;NO;;2438697466;76474620;24576;18432;0.25;40
0a8f2tx6.tif;[70:72[;2;<1;NO;SSM;trunc;;NO;NO;;YES;34.0;dead;YES;34.0;3316383064;940280216;94208;103424;0.25;40
0by07vj3.tif;[90:92[;1;<1;NO;LMM;face;NO;;NO;;NO;;dead;NO;;1952339023;77737950;31744;31744;0.226490306214894;40
0e1v575k.tif;[42:44[;2;<1;NO;SSM;upper limb/shoulder;NO;NO;NO;;YES;33.0;dead;YES;33.0;863788281;1016497422;141072;86573;0.263223;40
0et0htci.tif;[70:72[;2;[1 : 2[;YES;SSM;arm;NO;;NO;;NO;;alive;NO;;1653741229;1760923406;157440;80640;0.2302131774022745;40
0ezpjmed.tif;[64:66[;1;<1;NO;SSM;trunc;;;NO;;NO;;alive;NO;;1389716890;447674766;49152;125952;0.25;40
0f1qu9g7.tif;[78:80[;2;[1 : 2[;NO;LMM;head/neck;;;NO;;YES;67.0;alive;YES;67.0;3522608462;1506484540;86016;134144;0.25;40
0fzfg6ye.tif;[78:80[;2;<1;NO;SSM;arm;;;NO;;NO;;alive;NO;;311625034;1817961366;188160;85248;0.2302131774022745;40
0gp6n7ah.tif;[54:56[;2;<1;NO;SSM;arm;;;NO;;NO;;alive;NO;;1873990884;1891411464;207360;103680;0.2302131774022745;40
0gycyamb.tif;[76:78[;2;>=4;YES;NM;leg;NO;YES;YES;31.0;NO;;dead;YES;31.0;966831155;2164498476;207360;92160;0.2302131774022745;40
0i5nawnj.tif;[50:52[;2;<1;NO;SSM;leg;;;NO;;NO;;alive;NO;;3184603011;900027666;161280;62208;0.2302131774022745;40
0jamx18o.tif;[56:58[;2;<1;NO;ALM;sole;;;NO;;NO;;alive;NO;;1966990286;453160422;73728;61440;0.25;40
0jvwq86w.tif;[50:52[;2;<1;NO;SSM;arm;;;NO;;NO;;alive;NO;;3878978095;196444786;47616;40192;0.226490306214894;40
0k015wua.tif;[82:84[;1;[2 : 4[;NO;NM;trunk;NO;NO;NO;;NO;;alive;NO;;50188742;1759281256;106259;306939;0.25;40
0kj37w28.tif;[90:92[;2;<1;NO;LMM;head/neck;;;NO;;NO;;dead;NO;;3573357362;1445740902;90112;117760;0.25;40
0loc1tvr.tif;[62:64[;1;[1 : 2[;NO;SSM;trunk;YES;NO;NO;;NO;;alive;NO;;60709730;2889807164;106259;306939;0.25;40
0lpq7lpw.tif;[86:88[;2;>=4;YES;LMM;face;;;NO;;NO;;dead;NO;;4036200027;1424557238;98304;115712;0.25;40
0m5hi10i.tif;[94:96[;2;>=4;NO;SSM;face;;;NO;;NO;;dead;NO;;934165922;149230420;36864;33792;0.25;40
0owr1zhh.tif;[74:76[;1;>=4;YES;other;trunk;;NO;YES;0.0;YES;19.0;dead;YES;0.0;542801812;2316428964;98304;147456;0.25;40
0oyvvk54.tif;[66:68[;2;[2 : 4[;NO;SSM;neck;;;NO;;NO;;dead;NO;;746914322;1053868800;61440;181248;0.25;40
0pif6cz5.tif;[68:70[;1;<1;NO;SSM;trunc;NO;;NO;;NO;;alive;NO;;3684460231;1068889150;99200;99328;0.2267830819820841;40
0pp2l7u8.tif;[64:66[;2;<1;NO;SSM;leg;;;NO;;NO;;alive;NO;;867322312;68119362;24576;34816;0.25;40
0qa9rzcs.tif;[34:36[;2;[2 : 4[;YES;SSM;arm;NO;;NO;;NO;;alive;NO;;4241843289;1018996080;88359;204649;0.242797397769517;20
0qdpb4f6.tif;[64:66[;2;[1 : 2[;YES;LMM;face;NO;NO;NO;;NO;;alive;NO;;3002956616;735244564;86016;72704;0.25;40
0qvzcp4s.tif;[84:86[;2;[2 : 4[;NO;LMM;face;;;NO;;NO;;dead;NO;;3708366312;640833392;73728;79872;0.25;40
0qwg5ak5.tif;[74:76[;2;[1 : 2[;NO;SSM;thigh;NO;;NO;;NO;;alive;NO;;3944594850;2492917922;179030;411074;0.121398698884758;40
0smqwtnl.tif;[34:36[;2;<1;NO;SSM;trunc;NO;;NO;;NO;;alive;NO;;2906565561;443231966;47616;77568;0.226490306214894;40
0ueno9cg.tif;[70:72[;1;<1;NO;SSM;arm;;;NO;;NO;;alive;NO;;3876117703;1933654984;188160;80640;0.2302131774022745;40
0veg0ou5.tif;[42:44[;2;<1;NO;SSM;face;;;NO;;NO;;alive;NO;;680645946;1071416998;98304;161792;0.25;40
0vfuyu76.tif;[92:94[;1;<1;NO;LMM;head/neck;;;NO;;NO;;alive;NO;;896372813;986751936;98304;101376;0.25;40
0vwo3q33.tif;[54:56[;2;<1;NO;SSM;trunc;NO;;NO;;NO;;alive;NO;;560068936;1590457214;178162;87505;0.264384;40
0vzdewyv.tif;[32:34[;2;<1;NO;SSM;neck;NO;;NO;;NO;;alive;NO;;1157003542;2763894976;179030;411074;0.121398698884758;40
0wj6yh2w.tif;[74:76[;2;<1;NO;SSM;foot;NO;;NO;;NO;;alive;NO;;3558451510;1500467334;203520;73728;0.2302131774022745;40
0wklf5nq.tif;[70:72[;1;<1;NO;SSM;arm;;;NO;;NO;;alive;NO;;1730159494;673419506;53248;129024;0.25;40
0xqvhhhv.tif;[26:28[;2;<1;NO;SSM;arm;;;NO;;NO;;alive;NO;;110797646;96541882;23808;38144;0.226490306214894;40
0xx0am33.tif;[46:48[;2;[2 : 4[;NO;SSM;upper limb/shoulder;NO;NO;YES;57.0;YES;70.0;alive;YES;57.0;385706170;1934384618;99744;147776;0.25;40
0ybge7c4.tif;[34:36[;2;[1 : 2[;NO;SSM;trunc;NO;;YES;1.0;NO;;alive;YES;1.0;411617254;1164490732;99200;95232;0.226490306214894;40
0yjn2s7d.tif;[68:70[;1;<1;NO;unclassified;trunc;;;NO;;NO;;alive;NO;;1657991237;400165228;65536;54272;0.25;40
0yr9mbtd.tif;[50:52[;2;[1 : 2[;NO;SSM;face;;;NO;;NO;;dead;NO;;1005895475;626434928;65536;102400;0.25;40
0zc7pmkt.tif;[50:52[;2;<1;NO;SSM;trunc;;;NO;;NO;;alive;NO;;2545529866;473385978;57344;67584;0.25;40
104cn5ww.tif;[42:44[;1;>=4;YES;NM;trunc;NO;YES;NO;;YES;;dead;YES;;756579263;1634449076;94208;111616;0.25;40
10me6x6m.tif;[48:50[;1;[1 : 2[;NO;SSM;arm;NO;YES;NO;;NO;;alive;NO;;824265721;1941015374;88359;204649;0.242797397769517;20
119d0lfw.tif;[16:18[;2;[2 : 4[;;SSM;head/neck;;;NO;;NO;;alive;NO;;1122889477;862640410;61152;155328;0.25;40
11rp8w2x.tif;[80:82[;1;<1;;SSM;trunk;;;NO;;NO;;alive;NO;;2217272623;809775964;69632;115712;0.25;40
12sceglt.tif;[30:32[;1;[2 : 4[;YES;SSM;lower limb/hip;NO;YES;NO;;NO;;dead;NO;;238928783;1017294850;77824;121856;0.25;40
13oawotb.tif;[72:74[;2;[1 : 2[;NO;SSM;trunc;NO;;NO;;NO;;alive;NO;;824527962;1475434326;88359;204649;0.242797397769517;20
13pi95dw.tif;[70:72[;2;<1;NO;SSM;trunc;NO;;NO;;NO;;alive;NO;;3215283214;1454180386;184320;57600;0.2302131774022745;40
14s8dzlj.tif;[86:88[;2;[1 : 2[;NO;SSM;leg;;;NO;;NO;;dead;NO;;1670921738;206314106;45056;51200;0.25;40
14wyri1q.tif;[40:42[;1;[1 : 2[;NO;SSM;trunc;NO;;NO;;NO;;alive;NO;;2724728049;1313179912;90112;144384;0.25;40
15tqrc2j.tif;[32:34[;1;<1;NO;SSM;trunc;;;NO;;NO;;alive;NO;;2943243953;829751872;77824;79872;0.25;40
1627iez3.tif;[52:54[;2;>=4;YES;SSM;lower limb/hip;NO;;NO;;NO;;alive;NO;;1932097925;1727323546;132608;91392;0.2205120289311782;40
192fep99.tif;[46:48[;2;<1;NO;SSM;lower limb/hip;NO;;NO;;NO;;alive;NO;;272635393;1382096780;146443;88164;0.263223;40
19lqx994.tif;[72:74[;1;>=4;YES;NM;scalp;NO;NO;NO;;YES;6.0;alive;YES;6.0;999010712;1622594148;98304;100352;0.25;40
1a8ntpnq.tif;[28:30[;2;<1;NO;SSM;leg;;;NO;;NO;;alive;NO;;2232769945;245886718;49152;47104;0.25;40
1bdok92e.tif;[82:84[;1;<1;;SSM;trunc;;;NO;;NO;;dead;NO;;1589303208;498660040;63488;92416;0.226490306214894;40
1dchisbb.tif;[42:44[;2;[2 : 4[;YES;SSM;trunc;NO;;NO;;NO;;alive;NO;;4083470272;2542506500;207360;103680;0.2302131774022745;40
1dpzbj3o.tif;[28:30[;1;>=4;NO;SSM;lower limb/hip;NO;NO;YES;14.0;YES;42.0;alive;YES;14.0;3188672692;1736861070;90080;175200;0.25;40
1ejfd01b.tif;[80:82[;1;>=4;YES;NM;trunk;;;NO;;NO;;dead;NO;;4292211076;1423564688;90112;155648;0.25;40
1fybneij.tif;[56:58[;2;<1;YES;SSM;scalp;NO;NO;NO;;NO;;dead;NO;;3173271942;675231356;86016;80896;0.25;40
1fzfhtcc.tif;[44:46[;2;<1;NO;SSM;arm;NO;;NO;;NO;;alive;NO;;270622739;512738326;158549;51883;0.264384;40
1gki6fkt.tif;[44:46[;2;<1;NO;SSM;arm;NO;;NO;;NO;;alive;NO;;2247931909;1897337162;149760;94464;0.2302131774022745;40
1m374rou.tif;[56:58[;2;<1;NO;SSM;foot;NO;;NO;;NO;;alive;NO;;3577016659;149816816;31744;86784;0.226490306214894;40
1mrv16xo.tif;[80:82[;1;<1;NO;SSM;arm;NO;;NO;;NO;;alive;NO;;1220098451;3507288306;179030;411074;0.121398698884758;40
1n705ef8.tif;[66:68[;1;[2 : 4[;NO;LMM;face;;;NO;;NO;;alive;NO;;4280848149;949540908;90112;92160;0.25;40
1njoi9iq.tif;[48:50[;2;<1;NO;other;;YES;;NO;;NO;;alive;NO;;1045577201;861076212;114618;76826;0.263223;40
1ojip5y7.tif;[58:60[;2;<1;NO;SSM;trunc;;;NO;;NO;;alive;NO;;1261968083;659114906;61440;93184;0.25;40
1p27ropf.tif;[78:80[;1;[1 : 2[;NO;SSM;trunc;;;NO;;NO;;dead;NO;;3434583919;1094557590;81920;94208;0.25;40
1qhthj2o.tif;[68:70[;1;>=4;YES;NM;head/neck;NO;NO;NO;;NO;;alive;NO;;3891347706;2709649576;106259;306939;0.25;40
1qj50pty.tif;[64:66[;2;[1 : 2[;YES;SSM;lower limb/hip;NO;;NO;;NO;;alive;NO;;610826942;3526072022;179030;411074;0.121398698884758;40
1qvd8x3f.tif;[68:70[;2;<1;NO;LMM;arm;;;NO;;NO;;alive;NO;;3698764717;629844730;91264;81920;0.226490306214894;40
1r9uy33w.tif;[64:66[;2;>=4;NO;NM;thigh;NO;YES;NO;;NO;;alive;NO;;2934619842;2071583054;172800;103680;0.2302131774022745;40
1rn9wuoo.tif;[56:58[;1;<1;NO;SSM;trunc;;;NO;;NO;;alive;NO;;823681027;2202522416;195840;94464;0.2302131774022745;40
1rp2sjgo.tif;[68:70[;1;[1 : 2[;NO;SSM;trunk;YES;;NO;;NO;;alive;NO;;2107104558;903604556;152410;84584;0.263223;40
1s49l0io.tif;[32:34[;2;<1;NO;SSM;trunc;NO;;NO;;NO;;alive;NO;;3941847704;3564803902;179030;411074;0.121398698884758;40
1sdgtr8p.tif;[82:84[;1;<1;NO;SSM;leg;;;NO;;NO;;dead;NO;;2681912643;772674926;77824;92160;0.25;40
1tdnkzod.tif;[82:84[;1;[1 : 2[;;unclassified;trunc;;;NO;;NO;;dead;NO;;3952271768;691467548;77824;75776;0.25;40
1ttpv0mc.tif;[66:68[;1;<1;NO;SSM;leg;;;NO;;NO;;alive;NO;;824620731;498154646;49152;77824;0.25;40
1u4lhlqb.tif;[32:34[;2;<1;NO;SSM;thigh;YES;;NO;;NO;;alive;NO;;3028450373;747151312;155948;80300;0.264384;40
1vig9enh.tif;[60:62[;1;<1;NO;SSM;leg;;;NO;;NO;;alive;NO;;3203736828;820358400;126720;55296;0.2302131774022745;40
1wt4m4c0.tif;[60:62[;2;<1;NO;SSM;trunk;NO;;NO;;NO;;alive;NO;;2483606019;1332978070;123840;251340;0.194475138121547;40
1z4n51ml.tif;[68:70[;2;<1;NO;SSM;leg;NO;;NO;;NO;;alive;NO;;2724486812;727812434;183765;71095;0.264384;40
1zlckgm1.tif;[42:44[;1;<1;NO;SSM;arm;;;NO;;NO;;alive;NO;;1967754220;1488068694;107136;105984;0.226490306214894;40
1zuwhryq.tif;[66:68[;1;<1;NO;SSM;trunc;;;NO;;NO;;alive;NO;;3256889698;1189579746;86016;96256;0.25;40
20b0hfk9.tif;[72:74[;2;<1;NO;SSM;thigh;;;NO;;NO;;alive;NO;;3004273405;158100540;69632;27648;0.25;40
20ngjmwt.tif;[48:50[;2;[1 : 2[;NO;SSM;lower limb/hip;;;NO;;NO;;;NO;;3073936880;1351729518;98304;154624;0.25;40
20oqss1h.tif;[80:82[;1;<1;NO;SSM;arm;NO;;NO;;NO;;dead;NO;;895191896;703837796;69632;102400;0.25;40
20pf96p1.tif;[82:84[;1;<1;NO;SSM;trunk;;;NO;;NO;;dead;NO;;584877832;999812512;98304;111616;0.25;40
21ovxz6v.tif;[52:54[;2;;;;leg;;;;;;;;NO;;2940755764;1133284898;77824;149504;0.25;40
22it8737.tif;[80:82[;1;>=4;YES;NM;face;;;NO;;NO;;dead;NO;;2116573459;1321932716;98304;108544;0.25;40
23b543du.tif;[62:64[;2;;NO;ALM;sole;;;NO;;NO;;alive;NO;;400266965;875116850;77824;84992;0.25;40
23he3p4d.tif;[38:40[;2;>=4;NO;SSM;seat;;NO;YES;3.0;YES;16.0;dead;YES;3.0;2733280550;713854504;77824;81920;0.25;40
24xxi0a4.tif;[60:62[;2;[1 : 2[;NO;SSM;hand/foot/nail;NO;YES;NO;;NO;;alive;NO;;2561227416;1466233198;97824;122848;0.25;40
25uxlt6t.tif;[92:94[;1;>=4;NO;unclassified;face;;;NO;;NO;;dead;NO;;3992395545;1008983336;90112;72704;0.25;40
272z0hxc.tif;[62:64[;1;<1;NO;SSM;arm;;;NO;;NO;;alive;NO;;1311005898;1199085120;77824;118784;0.25;40
27i0ixtv.tif;[58:60[;2;[1 : 2[;NO;SSM;leg;;YES;YES;66.0;NO;;;YES;66.0;3381537503;663163316;69632;79872;0.25;40
27sdpcz1.tif;[76:78[;2;<1;NO;SSM;leg;NO;;NO;;NO;;alive;NO;;1586747213;1707830946;188568;87505;0.264384;40
288moqp9.tif;[84:86[;2;[2 : 4[;;SSM;lower limb/hip;;;NO;;NO;;dead;NO;;2440134087;1087981328;86016;124928;0.25;40
294mp7ao.tif;[72:74[;2;[1 : 2[;NO;SSM;arm;;;NO;;NO;;alive;NO;;1973999237;1197658460;94208;112640;0.25;40
29nngk1p.tif;[42:44[;1;[2 : 4[;NO;SSM;thigh;NO;YES;NO;;NO;;alive;NO;;682893689;1180607984;94208;93184;0.25;40
2akjssw2.tif;[74:76[;1;<1;NO;SSM;leg;NO;;NO;;NO;;alive;NO;;3395782535;309425338;152346;42677;0.264384;40
2ar0cgi0.tif;[80:82[;2;[1 : 2[;NO;SSM;face;NO;;NO;;NO;;alive;NO;;1560882872;1010107800;174760;79500;0.264384;40
2b1tip4m.tif;[18:20[;2;<1;NO;SSM;face;NO;;NO;;NO;;alive;NO;;3308268664;116284988;43648;24576;0.226490306214894;40
2bg6adrf.tif;[80:82[;2;<1;NO;SSM;trunc;;;NO;;NO;;dead;NO;;2973983213;1072753304;86016;89088;0.25;40
2bmhwymk.tif;[76:78[;1;>=4;NO;unclassified;face;;;NO;;NO;;alive;NO;;570232130;866641182;94208;77824;0.25;40
2bzeivqr.tif;[70:72[;1;<1;NO;SSM;trunc;;;NO;;NO;;alive;NO;;4004206611;371021512;73728;40960;0.25;40
2ca6wrzq.tif;[66:68[;1;[1 : 2[;NO;SSM;arm;;;NO;;NO;;alive;NO;;3961609441;855120854;90112;72704;0.25;40
2cjhpzv1.tif;[64:66[;2;[1 : 2[;;SSM;upper limb/shoulder;;;NO;;NO;;alive;NO;;3107641357;250230706;45056;48128;0.25;40
2de35vl8.tif;[70:72[;2;<1;NO;SSM;leg;;;NO;;NO;;alive;NO;;2282419205;2001877474;176640;103680;0.2302131774022745;40
2ds4ytsv.tif;[40:42[;1;<1;NO;SSM;trunc;;;NO;;NO;;alive;NO;;744038751;312719300;53248;69632;0.25;40
2dz4vf4b.tif;[52:54[;1;<1;NO;ALM;hand/foot/nail;;YES;YES;6.0;YES;21.0;dead;YES;6.0;4188649138;1711575694;111104;86016;0.2205120289311782;40
2e28eifd.tif;[56:58[;1;<1;;LMM;face;;;NO;;NO;;alive;NO;;1469755756;1107086806;86016;110592;0.25;40
2e8m62y1.tif;[40:42[;1;<1;NO;SSM;leg;;;NO;;NO;;alive;NO;;4291734721;296757126;47616;49408;0.226490306214894;40
2eescilm.tif;[44:46[;1;<1;NO;SSM;trunk;;;NO;;NO;;alive;NO;;3882205765;1436906508;170311;81202;0.263223;40
2eqhtcsa.tif;[76:78[;1;>=4;YES;SSM;trunc;;;NO;;YES;21.0;dead;YES;21.0;1657782646;1320333532;98304;111616;0.25;40
2fee9717.tif;[34:36[;1;;NO;SSM;trunc;;;NO;;NO;;alive;NO;;1806065815;482067900;61440;62464;0.25;40
2g3h8t38.tif;[66:68[;2;[2 : 4[;YES;NM;leg;NO;NO;YES;0.0;YES;22.0;dead;YES;0.0;724534460;414412438;71424;60672;0.226490306214894;40
2ifd2agc.tif;[88:90[;1;[2 : 4[;YES;SSM;trunc;NO;;NO;;NO;;dead;NO;;3746015397;3689669840;179030;411074;0.121398698884758;40
2izbceqj.tif;[56:58[;1;[1 : 2[;NO;SSM;lower limb/hip;NO;;NO;;NO;;alive;NO;;3744111432;1154422040;77824;121856;0.25;40
2kpb6k77.tif;[84:86[;1;[1 : 2[;NO;ALM;hand/foot/nail;NO;YES;NO;;NO;;dead;NO;;2606584919;810770234;86016;69888;0.2205120289311782;40
2mivi1li.tif;[70:72[;1;[2 : 4[;YES;NM;trunk;NO;NO;NO;;NO;;alive;NO;;4268453127;1986265440;97808;181840;0.25;40
2n09825a.tif;[42:44[;1;>=4;NO;NM;face;;;NO;;YES;95.0;alive;YES;95.0;4254891599;3094801450;207360;103680;0.2302131774022745;40
2n1g9qf4.tif;[62:64[;1;;NO;SSM;trunc;;;NO;;NO;;alive;NO;;2345013910;1758823160;98304;123904;0.25;40
2nwby4za.tif;[68:70[;1;[1 : 2[;NO;SSM;trunk;NO;YES;NO;;NO;;alive;NO;;625646640;1439071700;106259;306939;0.25;40
2pjuamq3.tif;[66:68[;2;[1 : 2[;NO;SSM;leg;;;NO;;NO;;alive;NO;;2497983960;1403389300;180480;69120;0.2302131774022745;40
2pt40hur.tif;[48:50[;1;[1 : 2[;YES;SSM;thigh;NO;NO;NO;;NO;;alive;NO;;30856963;1050880524;81920;140288;0.25;40
2q607czb.tif;[58:60[;1;[1 : 2[;NO;SSM;trunc;;;NO;;NO;;alive;NO;;1243013310;1203736288;81920;118784;0.25;40
2q7cf9vx.tif;[40:42[;2;<1;NO;SSM;trunc;;;NO;;NO;;alive;NO;;997309865;194184250;31744;45312;0.226490306214894;40
2qi3gpxs.tif;[64:66[;1;[1 : 2[;NO;SSM;arm;NO;;NO;;NO;;alive;NO;;2450795696;1361119428;88359;204649;0.242797397769517;20
2qzcvbug.tif;[60:62[;2;<1;NO;SSM;thigh;;;NO;;NO;;alive;NO;;613868350;214555378;40960;44032;0.25;40
2rk2d5u8.tif;[56:58[;2;<1;NO;SSM;trunc;NO;NO;NO;;NO;;alive;NO;;3175747389;1250384164;187568;74297;0.264384;40
2sx6cuzm.tif;[86:88[;2;<1;YES;unclassified;leg;;;NO;;NO;;alive;NO;;1813030327;390677286;45056;74752;0.25;40
2tksmp3s.tif;[64:66[;1;<1;NO;SSM;leg;;;NO;;NO;;alive;NO;;3788444723;1385686782;94208;125952;0.25;40
2xhx4mrf.tif;[78:80[;2;[2 : 4[;YES;ALM;upper limb/shoulder;;;NO;;NO;;alive;NO;;2615736487;606064682;73728;111616;0.25;40
2z9vvcc5.tif;[62:64[;2;>=4;YES;NM;trunk;NO;YES;YES;4.0;YES;9.0;alive;YES;4.0;680482700;1278911974;126751;88164;0.263223;40
2ztrjp20.tif;[42:44[;2;<1;;SSM;trunk;;;NO;;NO;;alive;NO;;2949914817;336489430;57344;50176;0.25;40
30rlz658.tif;[56:58[;1;<1;NO;SSM;arm;NO;;NO;;NO;;alive;NO;;2907811437;1554460688;162688;86784;0.2267830819820841;40
3181hnbq.tif;[54:56[;2;[1 : 2[;NO;NM;lower limb/hip;NO;NO;NO;;NO;;alive;NO;;3331771187;1372161818;106259;306939;0.25;40
31drdibd.tif;[30:32[;2;[1 : 2[;NO;SSM;foot;NO;;NO;;NO;;alive;NO;;257088563;348214162;71424;55040;0.226490306214894;40
3209qwdq.tif;[62:64[;2;<1;NO;LMM;seat;;;NO;;NO;;alive;NO;;4024255793;524543606;87296;71424;0.226490306214894;40
32154bhy.tif;[68:70[;2;[2 : 4[;YES;unclassified;leg;;NO;YES;10.0;YES;16.0;dead;YES;10.0;1923992639;1301483754;90112;107520;0.25;40
3294q40o.tif;[90:92[;2;>=4;YES;NM;;;;NO;;NO;;dead;NO;;3470609331;671160694;61440;96256;0.25;40
32k6b60h.tif;[66:68[;1;[1 : 2[;NO;unclassified;thigh;;;NO;;NO;;alive;NO;;2428315532;930952462;86016;99328;0.25;40
336l04ta.tif;[68:70[;1;<1;NO;SSM;leg;;;NO;;NO;;alive;NO;;1211928413;1486346856;94208;124928;0.25;40
33oznmoi.tif;[84:86[;1;<1;NO;LMM;face;;;NO;;NO;;dead;NO;;2315978990;966093470;73728;103424;0.25;40
33pcatp8.tif;[82:84[;1;<1;NO;ALM;sole;;;NO;;NO;;alive;NO;;3836034843;790011480;65536;87040;0.25;40
34564v1u.tif;[38:40[;2;[1 : 2[;NO;SSM;trunk;NO;NO;NO;;NO;;alive;NO;;4179300214;1153172354;106259;306939;0.25;40
353pss28.tif;[32:34[;2;<1;NO;SSM;trunk;;;NO;;NO;;alive;NO;;988070263;1008693402;220236;88164;0.263223;40
361c1t9q.tif;[50:52[;2;<1;NO;SSM;leg;NO;;NO;;NO;;alive;NO;;503573541;127204910;39680;24576;0.226490306214894;40
38dajxgy.tif;[72:74[;1;<1;NO;LMM;face;;;NO;;NO;;alive;NO;;2651941256;1313263608;119040;101120;0.226490306214894;40
399gprsv.tif;[64:66[;1;<1;NO;SSM;trunc;NO;;NO;;NO;;alive;NO;;4149100806;1362649224;178560;87040;0.2267830819820841;40
3aq9l9ne.tif;[60:62[;1;<1;NO;SSM;trunc;;;NO;;NO;;alive;NO;;1513749689;1285475622;172800;64512;0.2302131774022745;40
3bs1ll6k.tif;[42:44[;2;>=4;NO;SSM;trunk;;YES;NO;;YES;9.0;dead;YES;9.0;1578609592;1106809268;94208;116736;0.25;40
3c9om9ms.tif;[78:80[;2;[2 : 4[;YES;other;upper limb/shoulder;NO;NO;NO;;NO;;alive;NO;;2969646698;1224309624;106259;306939;0.25;40
3cdtne0z.tif;[52:54[;1;;;;thigh;;;;;;;;NO;;1564971409;2354379144;94208;186368;0.25;40
3duoj1f9.tif;[60:62[;2;<1;YES;LMM;arm;;;NO;;NO;;alive;NO;;4261228353;1606555634;130560;99072;0.2302131774022745;40
3edao0y9.tif;[72:74[;1;<1;NO;SSM;arm;;;NO;;NO;;dead;NO;;2575526662;899717048;57344;118784;0.25;40
3f4c0t1d.tif;[88:90[;2;>=4;YES;SSM;leg;NO;NO;NO;;YES;13.0;dead;YES;13.0;2299861854;2120861738;207360;103680;0.2302131774022745;40
3gc93k9g.tif;[36:38[;1;[1 : 2[;NO;SSM;trunk;NO;YES;YES;55.0;YES;59.0;alive;YES;55.0;3869525058;1640537354;106259;306939;0.25;40
3gjk5s5d.tif;[58:60[;1;[1 : 2[;YES;NM;lower limb/hip;;YES;NO;;YES;25.0;dead;YES;25.0;2274622310;1022888666;122845;78604;0.251;40
3iciaipd.tif;[72:74[;1;>=4;NO;SSM;head/neck;NO;YES;YES;30.0;NO;;alive;YES;30.0;880257267;965372596;77824;117760;0.25;40
3j58caqk.tif;[64:66[;1;<1;NO;SSM;;NO;;YES;16.0;NO;;alive;YES;16.0;2034924778;3115879924;179030;411074;0.121398698884758;40
3j7c1ors.tif;[44:46[;1;>=4;YES;NM;trunk;;;NO;;NO;;dead;NO;;2066316067;2001500086;95920;164160;0.25;40
3jrrivie.tif;[70:72[;2;>=4;YES;NM;lower limb/hip;NO;;NO;;NO;;alive;NO;;3794147113;2126323588;211456;69888;0.2205120289311782;40
3kfl6a36.tif;[48:50[;2;<1;NO;SSM;leg;;;NO;;NO;;alive;NO;;3400557284;1686236634;188160;66816;0.2302131774022745;40
3kxz45rg.tif;[82:84[;2;[1 : 2[;NO;SSM;finger;;;NO;;NO;;alive;NO;;1677067332;1024898992;119040;82944;0.2302131774022745;40
3mony1zr.tif;[48:50[;1;[1 : 2[;NO;ALM;foot;NO;;NO;;NO;;alive;NO;;3653819331;1004596560;132733;75697;0.264384;40
3n88lm6i.tif;[74:76[;1;[2 : 4[;NO;NM;head/neck;YES;NO;NO;;NO;;alive;NO;;1424451716;1140874912;106259;306939;0.25;40
3o05eiqs.tif;[60:62[;1;[1 : 2[;NO;unclassified;thigh;;;NO;;NO;;alive;NO;;1652631697;777862062;61440;74752;0.25;40
3q7dsmbf.tif;[60:62[;2;<1;NO;SSM;trunc;NO;;NO;;NO;;alive;NO;;365235258;2468834424;192000;99072;0.2302131774022745;40
3qq7fc3c.tif;[60:62[;2;<1;NO;SSM;trunc;;;NO;;NO;;alive;NO;;123128507;1401574784;98304;106496;0.25;40
3t2q8419.tif;[52:54[;2;<1;NO;MLM;face;;;NO;;NO;;alive;NO;;2297821401;733449762;83328;58368;0.226490306214894;40
3tgvcibg.tif;[62:64[;2;<1;NO;SSM;face;NO;;NO;;NO;;alive;NO;;2506142352;1497960392;188160;73728;0.2302131774022745;40
3utxcbt7.tif;[36:38[;2;<1;YES;SSM;upper limb/shoulder;;;NO;;NO;;;NO;;390002335;210321080;40960;49152;0.25;40
3v22x54e.tif;[44:46[;2;>=4;NO;NM;trunc;;NO;NO;;NO;;dead;NO;;2707149891;1401366616;83328;106496;0.226490306214894;40
3y8n1vv0.tif;[36:38[;2;<1;NO;SSM;trunc;NO;;NO;;NO;;alive;NO;;1035582654;982312392;87296;91136;0.226490306214894;40
41mp4e95.tif;[40:42[;2;<1;NO;LMM;;;;NO;;NO;;alive;NO;;2243907153;149806616;43648;38144;0.226490306214894;40
42fjom6n.tif;[84:86[;2;[2 : 4[;NO;other;lower limb/hip;NO;;NO;;NO;;dead;NO;;1204484076;1075776842;123840;251340;0.194475138121547;40
42ohslib.tif;[72:74[;1;<1;NO;SSM;trunc;NO;;NO;;NO;;alive;NO;;2482208055;4106411460;179030;411074;0.121398698884758;40
42vsrqwt.tif;[48:50[;1;<1;NO;SSM;trunk;;;NO;;NO;;;NO;;3627748663;1412889114;69632;183296;0.25;40
434h4vkm.tif;[66:68[;1;<1;NO;SSM;trunc;NO;;NO;;NO;;alive;NO;;2690144319;2892688802;179030;411074;0.121398698884758;40
43rtwnrs.tif;[50:52[;2;[1 : 2[;NO;NM;arm;NO;;NO;;NO;;alive;NO;;2751495518;532397058;172158;49881;0.264384;40
44t9ms6y.tif;[36:38[;2;[2 : 4[;YES;SSM;lower limb/hip;NO;;NO;;NO;;alive;NO;;485540371;1170542900;95232;97280;0.2271746291374179;40
45d6o5kz.tif;[30:32[;1;[2 : 4[;YES;NM;head/neck;NO;YES;NO;;NO;;alive;NO;;2109065505;999917050;106259;306939;0.25;40
45u3in6d.tif;[80:82[;2;[2 : 4[;YES;SSM;face;;;NO;;NO;;dead;NO;;2733784295;1132657668;81920;104448;0.25;40
463qw8dw.tif;[48:50[;2;<1;NO;SSM;trunc;;;NO;;NO;;alive;NO;;363661333;571501232;65536;65536;0.25;40
46u3yafh.tif;[66:68[;1;<1;NO;SSM;upper limb/shoulder;;;NO;;NO;;alive;NO;;1353511469;1267386662;94208;198656;0.25;40
47auhy8b.tif;[70:72[;2;>=4;YES;NM;lower limb/hip;NO;NO;YES;5.0;NO;;dead;YES;5.0;3410765458;1774875824;98304;140288;0.25;40
47ne6ap5.tif;[26:28[;2;[1 : 2[;NO;SSM;lower limb/hip;YES;YES;NO;;NO;;alive;NO;;2325526589;1110040652;106259;306939;0.25;40
47q6z7ft.tif;[46:48[;1;<1;NO;SSM;trunc;NO;;NO;;NO;;alive;NO;;1920361848;2222315212;179030;411074;0.121398698884758;40
47y8reit.tif;[60:62[;1;[1 : 2[;NO;unclassified;forearm;;;NO;;NO;;alive;NO;;3182370656;87786476;36864;35840;0.25;40
48oqhoga.tif;[60:62[;1;[2 : 4[;NO;SSM;trunc;;;NO;;NO;;alive;NO;;4275145269;352762930;32768;83968;0.25;40
48zei162.tif;[84:86[;1;>=4;YES;ALM;sole;;;YES;8.0;NO;;dead;YES;8.0;1191947468;203868158;49152;52224;0.25;40
490ha1o2.tif;[56:58[;1;>=4;YES;NM;head/neck;;NO;YES;4.0;YES;12.0;dead;YES;4.0;428746762;1820973040;94208;132096;0.25;40
49crwssd.tif;[80:82[;2;[1 : 2[;NO;LMM;leg;NO;;NO;;NO;;alive;NO;;762970126;1193911158;190770;87505;0.264384;40
49fwdpmu.tif;[46:48[;2;<1;NO;SSM;trunc;NO;;NO;;NO;;alive;NO;;541516198;1350347772;179162;87505;0.264384;40
49wlal4g.tif;[60:62[;2;[2 : 4[;NO;SSM;hand/foot/nail;;;NO;;NO;;alive;NO;;626416480;898755392;154598;78219;0.263223;40
4aif1bv3.tif;[46:48[;1;<1;NO;SSM;trunc;;;NO;;NO;;alive;NO;;3255838183;800741116;94208;101376;0.25;40
4aisjnsv.tif;[56:58[;1;[2 : 4[;NO;SSM;upper limb/shoulder;NO;NO;NO;;NO;;alive;NO;;3127119458;1195641300;94208;125952;0.25;40
4b6jxo8z.tif;[32:34[;1;[1 : 2[;YES;SSM;face;;YES;NO;;NO;;alive;NO;;1491831377;1088724344;94208;121856;0.25;40
4c4ahl5h.tif;[74:76[;1;[1 : 2[;;SSM;arm;;;NO;;NO;;alive;NO;;1371228829;308554228;53248;69632;0.25;40
4cdt5myf.tif;[80:82[;1;>=4;YES;SSM;head/neck;NO;NO;YES;5.0;YES;12.0;dead;YES;5.0;4271100486;2171502686;98304;179200;0.25;40
4ceu9qup.tif;[56:58[;2;[1 : 2[;NO;SSM;trunc;NO;YES;NO;;NO;;alive;NO;;3526740354;2552328302;88359;204649;0.242797397769517;20
4cyzecqy.tif;[62:64[;2;[1 : 2[;YES;SSM;trunc;YES;YES;NO;;NO;;alive;NO;;120893121;3219532002;179030;411074;0.121398698884758;40
4ebc5ppj.tif;[62:64[;2;<1;NO;SSM;upper limb/shoulder;;;NO;;NO;;;NO;;2166215935;771241462;61440;113664;0.25;40
4fvoypq4.tif;[56:58[;2;[1 : 2[;NO;SSM;leg;NO;;NO;;NO;;alive;NO;;4118800;422062550;55552;65792;0.226490306214894;40
4fzj9zav.tif;[44:46[;2;;;;trunc;;;;;;;;NO;;3853105933;1438932080;77824;196608;0.25;40
4g6bwi2x.tif;[66:68[;1;<1;NO;LMM;face;;;NO;;NO;;alive;NO;;3279286683;553331848;119040;34048;0.226490306214894;40
4gbmq39c.tif;[48:50[;1;[1 : 2[;NO;SSM;trunk;NO;NO;NO;;NO;;alive;NO;;1781750303;1576113832;106259;306939;0.25;40
4gr97pj6.tif;[50:52[;2;[1 : 2[;NO;SSM;leg;NO;NO;NO;;NO;;alive;NO;;4085316487;493158666;36864;131072;0.25;40
4hhxqn7h.tif;[40:42[;1;<1;NO;SSM;leg;;;NO;;NO;;alive;NO;;3641403640;513343672;65536;67584;0.25;40
4jcm73w3.tif;[60:62[;2;[1 : 2[;NO;SSM;leg;;;NO;;NO;;alive;NO;;509793947;890058284;77824;94208;0.25;40
4jnmkkm0.tif;[66:68[;1;<1;NO;ALM;lower limb/hip;;NO;YES;41.0;NO;;alive;YES;41.0;2698843883;824808150;69632;144384;0.25;40
4jyj3w7o.tif;[66:68[;2;<1;NO;unclassified;leg;;;NO;;NO;;dead;NO;;3197383775;182530798;53248;31744;0.25;40
4l6ek0wm.tif;[74:76[;2;<1;NO;SSM;trunc;;;NO;;NO;;alive;NO;;1359671193;2071036398;157440;103680;0.2302131774022745;40
4mbk2wqz.tif;[72:74[;2;<1;NO;SSM;;;YES;NO;;YES;68.0;dead;YES;68.0;1761523032;558346882;72374;66001;0.251;40
4mnxydyw.tif;[40:42[;2;[1 : 2[;NO;SSM;trunk;;;NO;;NO;;alive;NO;;2401098939;1022324988;96768;86016;0.2205120289311782;40
4mqnoml9.tif;[60:62[;2;[1 : 2[;NO;SSM;arm;NO;NO;NO;;NO;;alive;NO;;3888007023;3657050738;179030;411074;0.121398698884758;40
4mrpti9o.tif;[66:68[;1;[1 : 2[;;SSM;trunk;NO;YES;NO;;NO;;alive;NO;;3123679076;1059000084;81920;141312;0.25;40
4pnxp5ek.tif;[54:56[;1;[1 : 2[;NO;unclassified;trunc;;;NO;;NO;;alive;NO;;1878110782;1098473326;86016;106496;0.25;40
4pq04wg1.tif;[86:88[;2;[1 : 2[;YES;SSM;face;;;NO;;NO;;dead;NO;;808063704;1290974398;86016;119808;0.25;40
4q3t9czw.tif;[72:74[;1;<1;NO;SSM;trunc;NO;;NO;;NO;;alive;NO;;1157246849;940711730;158149;83502;0.264384;40
4qh756dw.tif;[60:62[;1;<1;NO;SSM;trunc;;;NO;;NO;;alive;NO;;606937589;948289318;145920;57600;0.2302131774022745;40
4qpgzvl7.tif;[52:54[;1;;YES;other;head/neck;;;NO;;NO;;dead;NO;;3475643893;3319692964;188416;204800;0.25;40
4r0p9uhp.tif;[86:88[;2;<1;NO;SSM;arm;;;NO;;NO;;alive;NO;;3369077968;1136475446;90112;94208;0.25;40
4rewwgy1.tif;[68:70[;1;<1;NO;SSM;arm;;;NO;;NO;;alive;NO;;1287839482;203533994;45056;36864;0.25;40
4rgin1gn.tif;[46:48[;1;<1;NO;SSM;arm;;;NO;;NO;;alive;NO;;961551204;2194817104;207360;103680;0.2302131774022745;40
4s30tyu3.tif;[90:92[;1;<1;NO;SSM;trunc;NO;;NO;;NO;;alive;NO;;139989303;3103890172;179030;411074;0.121398698884758;40
4s9pxzpj.tif;[50:52[;1;[2 : 4[;YES;SSM;head/neck;;;NO;;NO;;alive;NO;;2119902034;1375155094;142067;88164;0.263223;40
4syll7r6.tif;[68:70[;1;<1;NO;SSM;trunc;;;NO;;NO;;alive;NO;;2013354878;183968114;28672;56320;0.25;40
4tjdrk7w.tif;[76:78[;1;[1 : 2[;NO;SSM;face;NO;;NO;;NO;;dead;NO;;2392849893;2745035442;179030;411074;0.121398698884758;40
4uurr7kj.tif;[44:46[;2;<1;NO;other;lower limb/hip;NO;;NO;;NO;;alive;NO;;2225450043;275259922;28672;75264;0.2205120289311782;40
4vq741hg.tif;[64:66[;1;<1;NO;ALM;hand/foot/nail;;;NO;;NO;;alive;NO;;1389124264;1072261810;136192;59136;0.2205120289311782;40
4wflvl5k.tif;[62:64[;2;<1;NO;SSM;leg;NO;;NO;;NO;;alive;NO;;4237381252;128820172;31744;37376;0.226490306214894;40
4xejray1.tif;[56:58[;1;<1;NO;SSM;leg;;;NO;;NO;;alive;NO;;907143878;172538572;35712;46080;0.226490306214894;40
4xqs6vif.tif;[66:68[;2;<1;NO;SSM;arm;NO;;NO;;NO;;alive;NO;;3845252198;378304574;112521;56686;0.264384;40
4ywdzb5f.tif;[40:42[;1;<1;NO;unclassified;thigh;;;NO;;NO;;alive;NO;;3218025997;1145880498;77824;108544;0.25;40
4yysv7ra.tif;[74:76[;1;<1;NO;SSM;trunc;;;NO;;NO;;alive;NO;;3868944318;1223680970;90112;101376;0.25;40
4z546wdp.tif;[64:66[;2;<1;NO;SSM;arm;NO;;NO;;NO;;alive;NO;;740704252;1643714470;179030;411074;0.121398698884758;40
4zie41k7.tif;[64:66[;2;<1;NO;LMM;face;NO;;NO;;NO;;alive;NO;;774757411;3017627820;179030;411074;0.121398698884758;40
50hehh8k.tif;[76:78[;1;[2 : 4[;YES;other;trunk;NO;NO;NO;;YES;17.0;dead;YES;17.0;1976822848;1952428452;106259;306939;0.25;40
52fzxh7h.tif;[54:56[;2;[1 : 2[;NO;unclassified;arm;;;NO;;NO;;alive;NO;;2915951182;463412978;53248;87040;0.25;40
52mfqz4d.tif;[70:72[;1;[1 : 2[;NO;;trunk;NO;;NO;;NO;;alive;NO;;839557581;1430490568;151813;88164;0.263223;40
53ns8snf.tif;[82:84[;1;<1;NO;SSM;trunk;;;NO;;NO;;dead;NO;;747268109;871716734;90112;148480;0.25;40
54na7v57.tif;[80:82[;1;[1 : 2[;;unclassified;foot;;;NO;;NO;;alive;NO;;1139109098;67034514;27776;28928;0.226490306214894;40
55o9cyl7.tif;[74:76[;2;<1;NO;SSM;face;;;NO;;NO;;alive;NO;;2102656400;454315678;77824;46080;0.25;40
568ogoov.tif;[72:74[;2;<1;NO;;upper limb/shoulder;NO;;NO;;NO;;alive;NO;;3991935225;480544846;146840;70859;0.263223;40
587x5hqs.tif;[68:70[;1;<1;NO;LMM;face;;;NO;;NO;;alive;NO;;2559186729;1115152356;207360;69120;0.2302131774022745;40
5a4555m9.tif;[84:86[;2;>=4;YES;SSM;lower limb/hip;NO;NO;YES;22.0;NO;;dead;YES;22.0;3246360553;1815956728;98304;119808;0.25;40
5a8ynic0.tif;[58:60[;1;>=4;NO;NM;trunk;;;NO;;NO;;alive;NO;;3960587452;1476317306;161758;88164;0.263223;40
5ancwi8k.tif;[72:74[;1;[1 : 2[;NO;SSM;;;;NO;;NO;;alive;NO;;2829580064;1120786660;90112;112640;0.25;40
5aoui3p3.tif;[38:40[;2;<1;NO;SSM;thigh;;;NO;;NO;;alive;NO;;1390718058;272271922;32768;61440;0.25;40
5b4t91qv.tif;[50:52[;1;[1 : 2[;NO;NM;arm;NO;;NO;;NO;;alive;NO;;1509220887;2363476742;94208;196608;0.25;40
5b6ihclc.tif;[56:58[;2;[1 : 2[;NO;SSM;trunc;YES;;NO;;NO;;alive;NO;;378865060;2731472106;179030;411074;0.121398698884758;40
5bpd8r2u.tif;[76:78[;2;<1;NO;SSM;face;;;NO;;NO;;dead;NO;;1795975059;106704484;27776;65280;0.226490306214894;40
5bwudngp.tif;[62:64[;1;>=4;YES;SSM;finger;NO;NO;NO;;YES;35.0;alive;YES;35.0;4230715948;1421047782;90112;142336;0.25;40
5by2awad.tif;[20:22[;2;<1;NO;SSM;toe;;;NO;;NO;;alive;NO;;4009573900;142652818;32768;60416;0.25;40
5cnqesgw.tif;[58:60[;1;<1;NO;SSM;arm;;;NO;;NO;;alive;NO;;841987844;1617041656;168960;85248;0.2302131774022745;40
5diot0qn.tif;[80:82[;1;[2 : 4[;NO;NM;lower limb/hip;NO;NO;NO;;NO;;alive;NO;;59497119;1342184232;106259;306939;0.25;40
5e8nwh5l.tif;[78:80[;1;[1 : 2[;NO;SSM;trunk;NO;;NO;;NO;;dead;NO;;1602227071;1899599712;93888;181408;0.25;40
5eixpoj3.tif;[78:80[;2;<1;NO;LMM;face;NO;;NO;;NO;;alive;NO;;1747473467;685349974;105716;76298;0.264384;40
5ftgviqd.tif;[32:34[;1;<1;NO;SSM;thigh;;;NO;;NO;;alive;NO;;793120098;649121214;45056;189440;0.25;40
5fya7lkt.tif;[36:38[;1;<1;NO;SSM;leg;;;NO;;NO;;alive;NO;;3064829087;561329540;65536;75776;0.25;40
5gc6jtfl.tif;[70:72[;1;>=4;YES;SSM;trunc;NO;YES;NO;;NO;;dead;NO;;3461206437;952543102;79360;74752;0.226490306214894;40
5h3hp3tr.tif;[56:58[;2;[2 : 4[;NO;NM;leg;NO;;NO;;NO;;alive;NO;;474145865;1358222476;73728;198656;0.25;40
5h9mfv5z.tif;[40:42[;1;[2 : 4[;YES;SSM;trunc;;YES;NO;;NO;;dead;NO;;4198736184;594546758;73728;78848;0.25;40
5i6jpma0.tif;[58:60[;1;<1;NO;SSM;trunc;;;NO;;NO;;alive;NO;;1112731547;1940243552;142080;96768;0.2302131774022745;40
5iftgdeq.tif;[58:60[;1;[1 : 2[;NO;SSM;arm;;;NO;;NO;;alive;NO;;2806622956;1106060684;81920;100352;0.25;40
5j511s2k.tif;[72:74[;2;[2 : 4[;NO;ALM;sole;;;NO;;NO;;alive;NO;;1454879273;629548998;73728;94208;0.25;40
5jcdda1t.tif;[64:66[;2;[2 : 4[;YES;SSM;lower limb/hip;NO;NO;NO;;NO;;alive;NO;;2250637601;1390794484;90112;140288;0.25;40
5jy1o8lq.tif;[58:60[;2;<1;NO;LMM;face;NO;;NO;;NO;;alive;NO;;1338232990;84750492;39680;18176;0.226490306214894;40
5jzvo811.tif;[86:88[;2;[2 : 4[;NO;unclassified;face;NO;;NO;;NO;;alive;NO;;505820778;871764586;69632;105472;0.25;40
5k5kefrp.tif;[46:48[;2;[1 : 2[;NO;NM;upper limb/shoulder;NO;NO;YES;37.0;YES;57.0;dead;YES;37.0;3405691587;810955932;86016;142336;0.25;40
5ki072pq.tif;[62:64[;2;<1;NO;ALM;foot;;;NO;;NO;;alive;NO;;140589671;170296734;31744;47616;0.226490306214894;40
5kjfgxbh.tif;[66:68[;2;[1 : 2[;NO;LMM;head/neck;NO;NO;YES;17.0;NO;;alive;YES;17.0;3362683531;1097218376;106259;306939;0.25;40
5knoo4wn.tif;[62:64[;1;<1;NO;SSM;arm;;;NO;;NO;;alive;NO;;1200087908;569321880;57344;78848;0.25;40
5kp227vl.tif;[78:80[;1;<1;NO;SSM;;;;NO;;NO;;;NO;;112941690;422657068;65536;67584;0.25;40
5l3g8by4.tif;[80:82[;1;>=4;YES;NM;lower limb/hip;NO;NO;NO;;NO;;alive;NO;;1180506727;1366330058;94208;153600;0.25;40
5la0kj4t.tif;[62:64[;2;<1;;SSM;leg;NO;;NO;;NO;;alive;NO;;3725128752;1848157282;207360;103680;0.2302131774022745;40
5lzu1q0f.tif;[72:74[;1;[2 : 4[;NO;SSM;upper limb/shoulder;NO;YES;NO;;NO;;alive;NO;;340357403;1222730326;90112;120832;0.25;40
5osec2br.tif;[78:80[;1;[2 : 4[;NO;LMM;face;NO;;NO;;NO;;alive;NO;;1361844969;848363486;77824;114688;0.25;40
5osyobxw.tif;[62:64[;2;<1;NO;SSM;lower limb/hip;;;NO;;NO;;alive;NO;;2490089270;422554762;57344;75776;0.25;40
5qauv1zd.tif;[34:36[;2;[1 : 2[;NO;unclassified;leg;;;NO;;NO;;alive;NO;;2090999086;389634196;57344;64512;0.25;40
5rdkmr2r.tif;[76:78[;1;<1;NO;LMM;head/neck;;;NO;;NO;;dead;NO;;2684273452;1250145160;90112;130048;0.25;40
5syc04dh.tif;[40:42[;1;[1 : 2[;NO;SSM;trunc;;;NO;;NO;;alive;NO;;457504946;1173566600;86016;88064;0.25;40
5ta8909l.tif;[38:40[;2;<1;NO;SSM;trunk;;;NO;;NO;;;NO;;3116295928;804964332;90112;79872;0.25;40
5vg96jxq.tif;[46:48[;2;>=4;NO;ALM;toe;;;NO;;NO;;alive;NO;;2643650404;520706360;57344;80896;0.25;40
5vrhvtax.tif;[62:64[;1;[1 : 2[;NO;SSM;;;;NO;;NO;;alive;NO;;2657923648;1246118598;86016;131072;0.25;40
5w9zlffm.tif;[86:88[;1;<1;NO;SSM;trunc;;;NO;;NO;;alive;NO;;1110046079;1836659564;188160;85248;0.2302131774022745;40
5xp0ds5g.tif;[68:70[;1;[1 : 2[;NO;SSM;face;;;NO;;NO;;alive;NO;;67124741;174570494;36864;46080;0.25;40
5z09qfrp.tif;[76:78[;1;[2 : 4[;NO;SSM;arm;;NO;YES;33.0;NO;;alive;YES;33.0;4227389836;1361237854;88359;204649;0.242797397769517;20
60dak8xn.tif;[40:42[;1;[1 : 2[;NO;unclassified;leg;NO;;NO;;NO;;alive;NO;;1624826286;1636375170;172800;87552;0.2302131774022745;40
611b09dc.tif;[62:64[;2;[2 : 4[;NO;NM;arm;;;NO;;NO;;alive;NO;;1434612391;954808188;94208;124928;0.25;40
61hyibg2.tif;[36:38[;1;>=4;YES;NM;leg;NO;YES;YES;22.0;YES;42.0;dead;YES;22.0;88465147;1349593346;86016;131072;0.25;40
61wseljn.tif;[74:76[;1;<1;NO;LMM;face;;;NO;;NO;;dead;NO;;3507197418;1895043674;207360;103680;0.2302131774022745;40
6235nfns.tif;[56:58[;2;<1;NO;SSM;leg;;;NO;;NO;;alive;NO;;1520888332;2332493978;207360;103680;0.2302131774022745;40
62hfxtll.tif;[54:56[;1;[1 : 2[;NO;SSM;trunc;;;NO;;NO;;alive;NO;;4180104718;511700058;61440;67584;0.25;40
63io5i8g.tif;[34:36[;2;>=4;YES;SSM;head/neck;NO;NO;NO;;NO;;alive;NO;;599632702;1519351392;98304;122880;0.25;40
64hzmtni.tif;[66:68[;2;>=4;YES;NM;leg;NO;;NO;;NO;;alive;NO;;73422899;807462150;63488;89600;0.226490306214894;40
653y6fbu.tif;[86:88[;2;>=4;YES;NM;lower limb/hip;;YES;YES;8.0;NO;;dead;YES;8.0;45136902;2158745010;154112;96768;0.2205120289311782;40
654qvi6b.tif;[44:46[;1;>=4;NO;SSM;trunc;;NO;YES;1.0;YES;20.0;alive;YES;1.0;1098031701;1028975710;90112;102400;0.25;40
656hl2y8.tif;[32:34[;1;[1 : 2[;NO;SSM;leg;;;NO;;NO;;alive;NO;;131040643;777208558;77824;80896;0.25;40
65yag2wx.tif;[80:82[;2;>=4;YES;other;trunk;NO;YES;NO;;YES;5.0;dead;YES;5.0;3043788098;1058362130;82432;102144;0.2205120289311782;40
679bmluu.tif;[70:72[;1;<1;NO;SSM;trunc;NO;;NO;;NO;;alive;NO;;609343522;349442512;118724;48080;0.264384;40
67ocgqht.tif;[40:42[;1;>=4;YES;SSM;trunc;NO;YES;NO;;YES;16.0;dead;YES;16.0;1277286594;35074666;24576;18432;0.25;40
699macgg.tif;[26:28[;2;[1 : 2[;NO;other;upper limb/shoulder;YES;YES;NO;;NO;;alive;NO;;2670815760;1750361320;106259;306939;0.25;40
69gozfqq.tif;[80:82[;1;>=4;NO;SSM;hand;;;NO;;NO;;alive;NO;;1427521439;1450411338;94208;106496;0.25;40
69vaokp6.tif;[40:42[;2;[2 : 4[;YES;SSM;lower limb/hip;NO;YES;NO;;NO;;alive;NO;;239527696;1600216528;106259;306939;0.25;40
6gdmbzv8.tif;[86:88[;1;[1 : 2[;NO;SSM;trunk;;;NO;;NO;;dead;NO;;1995695055;1626863640;94208;169984;0.25;40
6gt1vaty.tif;[62:64[;2;<1;NO;SSM;leg;;;NO;;NO;;alive;NO;;3649056621;1587984582;199680;78336;0.2302131774022745;40
6hy2l2zj.tif;[70:72[;1;>=4;NO;unclassified;face;NO;YES;NO;;YES;11.0;dead;YES;11.0;2448577480;1592482794;107136;97536;0.226490306214894;40
6ipo89f1.tif;[66:68[;1;>=4;YES;SSM;lower limb/hip;NO;YES;YES;24.0;YES;42.0;dead;YES;24.0;3116071875;1692627632;170908;88164;0.263223;40
6j975z2c.tif;[70:72[;1;[2 : 4[;NO;NM;arm;NO;;NO;;NO;;alive;NO;;2568567035;735524430;107117;87505;0.264384;40
6jn7wrbc.tif;[70:72[;1;<1;NO;SSM;trunc;NO;;NO;;NO;;alive;NO;;4127793609;3961563700;179030;411074;0.121398698884758;40
6m1rccnj.tif;[54:56[;2;>=4;YES;SSM;leg;NO;;YES;15.0;NO;;alive;YES;15.0;2637304296;730786552;94208;73728;0.25;40
6nhqx7vn.tif;[36:38[;2;<1;NO;SSM;trunc;;;NO;;NO;;alive;NO;;1424949215;1329359222;98304;111616;0.25;40
6nnluabs.tif;[62:64[;2;>=4;YES;ALM;hand/foot/nail;;NO;NO;;YES;14.0;dead;YES;14.0;4051751115;816210180;122574;78617;0.263223;40
6nyxdyep.tif;[56:58[;2;>=4;NO;;trunk;NO;;NO;;NO;;alive;NO;;805232668;373765532;75264;37632;0.2205120289311782;40
6oc3fpd7.tif;[70:72[;1;[2 : 4[;YES;SSM;lower limb/hip;NO;;NO;;NO;;dead;NO;;2749909364;652485798;77821;70064;0.263223;40
6od4hfk2.tif;[64:66[;2;[2 : 4[;NO;SSM;head/neck;YES;;NO;;NO;;alive;NO;;1317789464;1377393694;154598;88164;0.263223;40
6ohqtmn2.tif;[64:66[;2;>=4;YES;ALM;foot;NO;NO;YES;0.0;YES;6.0;dead;YES;0.0;1276886916;170935150;51584;25088;0.226490306214894;40
6p9y44so.tif;[58:60[;2;>=4;NO;NM;arm;NO;NO;NO;;NO;;dead;NO;;2098050069;1590339780;94208;199680;0.25;40
6paqhr83.tif;[60:62[;2;<1;NO;SSM;arm;;;NO;;NO;;alive;NO;;1986134741;89757364;28672;27648;0.25;40
6qcd8mjb.tif;[82:84[;1;[2 : 4[;NO;unclassified;leg;NO;NO;NO;;NO;;alive;NO;;1593136324;221576978;40960;163840;0.25;40
6r7t6ebm.tif;[18:20[;2;<1;;SSM;trunc;;;NO;;NO;;alive;NO;;2546215529;2575682868;207360;103680;0.2302131774022745;40
6r8ra71r.tif;[52:54[;2;[2 : 4[;NO;SSM;lower limb/hip;NO;YES;NO;;NO;;alive;NO;;157784073;959095160;84224;108240;0.25;40
6sbhejyp.tif;[42:44[;2;[1 : 2[;NO;SSM;lower limb/hip;NO;NO;NO;;NO;;alive;NO;;275328532;870573804;106259;306939;0.25;40
6t1134lj.tif;[66:68[;2;[2 : 4[;NO;LMM;face;;;NO;;NO;;alive;NO;;32250237;951686260;77824;166912;0.25;40
6t5gt51a.tif;[76:78[;1;<1;;SSM;lower limb/hip;;;NO;;NO;;alive;NO;;3610358780;328611438;65536;83968;0.25;40
6u1px47n.tif;[82:84[;1;<1;NO;LMM;face;;;NO;;NO;;alive;NO;;882383052;2185462766;207360;103680;0.2302131774022745;40
6ulypafi.tif;[62:64[;1;<1;NO;SSM;trunk;;;NO;;NO;;;NO;;1947403785;1327965204;81920;185344;0.25;40
6um3zue1.tif;[82:84[;1;[2 : 4[;YES;NM;trunk;NO;NO;NO;;YES;12.0;dead;YES;12.0;909156689;3029065576;106259;306939;0.25;40
6vg1eh53.tif;[52:54[;2;[2 : 4[;NO;SSM;lower limb/hip;YES;NO;YES;8.0;NO;;alive;YES;8.0;912600902;1107249748;89600;91392;0.2205120289311782;40
6vhj6ayd.tif;[68:70[;2;<1;NO;SSM;leg;YES;;NO;;NO;;alive;NO;;2290585631;2300289660;179030;411074;0.121398698884758;40
6vjrdv2a.tif;[34:36[;1;<1;NO;SSM;neck;;;NO;;NO;;alive;NO;;1192431732;1441461442;98304;103424;0.25;40
6x88xj2g.tif;[86:88[;1;<1;NO;SSM;arm;NO;;NO;;NO;;dead;NO;;3605639267;1642247846;86016;187392;0.25;40
6xfmht1w.tif;[48:50[;2;<1;NO;SSM;trunc;NO;;NO;;NO;;alive;NO;;3106207958;2786541616;188160;103680;0.2302131774022745;40
6xsgk30h.tif;[70:72[;2;[2 : 4[;NO;SSM;trunk;NO;NO;NO;;NO;;alive;NO;;10657705;1092391142;106259;306939;0.25;40
6y2p8ihz.tif;[80:82[;1;<1;NO;SSM;trunc;;;NO;;NO;;alive;NO;;4162775825;1028780796;73728;101376;0.25;40
6yxift92.tif;[64:66[;2;[1 : 2[;YES;SSM;trunc;;;NO;;NO;;alive;NO;;1188309129;1251708168;94208;92160;0.25;40
6z76k8g6.tif;[88:90[;1;>=4;YES;SSM;leg;;;NO;;NO;;dead;NO;;1525553132;1518452600;106496;79872;0.25;40
70d60g0w.tif;[56:58[;1;<1;NO;SSM;trunk;;;NO;;NO;;alive;NO;;2086305814;980402664;134707;79014;0.263223;40
70j26gp1.tif;[66:68[;2;<1;NO;LMM;leg;;;NO;;NO;;alive;NO;;3633542965;259752862;67456;31232;0.226490306214894;40
70lpz87b.tif;[42:44[;2;<1;NO;SSM;arm;;;NO;;NO;;alive;NO;;2852775302;1012893810;86016;87040;0.25;40
716e5lx8.tif;[64:66[;1;>=4;NO;NM;upper limb/shoulder;NO;NO;NO;;YES;12.0;dead;YES;12.0;827454552;2229290170;97808;153696;0.25;40
723nwu21.tif;[50:52[;2;[2 : 4[;YES;SSM;upper limb/shoulder;NO;NO;NO;;NO;;alive;NO;;4160150392;940499626;106259;306939;0.25;40
72g4kt4a.tif;[80:82[;2;[1 : 2[;NO;SSM;leg;;YES;YES;34.0;NO;;alive;YES;34.0;3325753160;1178117240;90112;101376;0.25;40
72gjjxn6.tif;[66:68[;1;[2 : 4[;NO;NM;trunc;;NO;NO;;NO;;dead;NO;;3742724133;751950416;65536;97280;0.25;40
739biejc.tif;[76:78[;1;<1;NO;SSM;trunc;;;NO;;NO;;alive;NO;;1341190440;529024658;81920;49152;0.25;40
73k586zm.tif;[40:42[;2;[1 : 2[;YES;SSM;lower limb/hip;NO;NO;NO;;NO;;alive;NO;;2954853742;2850221348;179030;411074;0.121398698884758;40
74vzjqff.tif;[66:68[;2;<1;NO;SSM;thigh;;;NO;;NO;;alive;NO;;2329853619;967150618;77824;97280;0.25;40
75d7o6qh.tif;[46:48[;2;<1;NO;SSM;face;;;NO;;NO;;alive;NO;;1083897388;723034596;67456;83200;0.226490306214894;40
75ekj14o.tif;[62:64[;2;<1;NO;SSM;trunc;;;NO;;NO;;alive;NO;;270483354;2035249422;176640;103680;0.2302131774022745;40
75g0ex3u.tif;[70:72[;2;[1 : 2[;NO;LMM;head/neck;YES;NO;NO;;YES;35.0;alive;YES;35.0;3017641322;442354946;75392;61184;0.2271746291374179;40
75pz28t6.tif;[66:68[;1;>=4;NO;NM;trunk;NO;YES;NO;;NO;;alive;NO;;2610296451;2153592784;106259;306939;0.25;40
76axop4r.tif;[66:68[;2;[2 : 4[;NO;SSM;trunk;NO;NO;NO;;NO;;alive;NO;;1989517726;1304557378;106259;306939;0.25;40
79li3chi.tif;[58:60[;2;[1 : 2[;YES;other;lower limb/hip;;NO;YES;16.0;NO;;alive;YES;16.0;204877870;957945110;106259;306939;0.25;40
79ymfa2r.tif;[72:74[;1;[1 : 2[;NO;LMM;face;;;NO;;NO;;alive;NO;;1962877179;849335066;94208;83968;0.25;40
7a42cec7.tif;[56:58[;1;<1;NO;SSM;arm;NO;;NO;;NO;;alive;NO;;177451079;455168692;67456;67584;0.226490306214894;40
7a6i1quq.tif;[66:68[;1;[1 : 2[;NO;SSM;upper limb/shoulder;NO;YES;NO;;NO;;alive;NO;;3976344136;1662074132;97824;176432;0.25;40
7aaoaayu.tif;[58:60[;2;[2 : 4[;NO;SSM;thigh;;;NO;;NO;;alive;NO;;779094384;136597154;32768;31744;0.25;40
7anlw6cw.tif;[68:70[;2;[2 : 4[;YES;MLM;foot;NO;YES;NO;;YES;13.0;dead;YES;13.0;2249921156;936276780;134912;84736;0.226490306214894;40
7byscxii.tif;[56:58[;1;<1;;SSM;trunk;;;NO;;NO;;alive;NO;;927591316;1999531288;98304;144384;0.25;40
7dh4rgy5.tif;[80:82[;2;[1 : 2[;YES;LMM;face;NO;NO;NO;;NO;;dead;NO;;2464063748;479439032;77824;68608;0.25;40
7dthnc3z.tif;[72:74[;2;[1 : 2[;NO;LMM;face;;;NO;;NO;;alive;NO;;280974272;531886020;65536;69632;0.25;40
7eliue79.tif;[64:66[;2;[1 : 2[;NO;SSM;trunc;;NO;YES;11.0;YES;17.0;dead;YES;11.0;2306938099;2500015282;207360;103680;0.2302131774022745;40
7esdbw19.tif;[54:56[;2;[2 : 4[;NO;SSM;face;;;NO;;NO;;alive;NO;;1758431189;1269431452;90112;92160;0.25;40
7etqtt5v.tif;[44:46[;1;<1;NO;SSM;trunc;NO;;NO;;NO;;alive;NO;;2149707330;2523433624;207360;87552;0.2302131774022745;40
7gkc9mh2.tif;[62:64[;2;<1;NO;unclassified;leg;;;NO;;NO;;alive;NO;;966305441;2156744546;188160;103680;0.2302131774022745;40
7gv50rwg.tif;[64:66[;2;<1;NO;SSM;arm;;;NO;;NO;;alive;NO;;565167794;561112622;119040;57600;0.2302131774022745;40
7h9k6xkt.tif;[46:48[;2;[1 : 2[;YES;SSM;trunc;;YES;YES;33.0;YES;40.0;alive;YES;33.0;2174636227;1116022304;77824;94208;0.25;40
7hsv633e.tif;[60:62[;1;[2 : 4[;NO;SSM;arm;NO;YES;NO;;NO;;alive;NO;;2587860043;900664676;94208;102400;0.25;40
7hzrzzic.tif;[56:58[;1;<1;NO;SSM;trunc;;;NO;;NO;;alive;NO;;1493918861;977305896;130332;85103;0.264384;40
7j8ztlfq.tif;[36:38[;1;;;;trunc;;;;;;;;NO;;1897003089;1485595860;98304;198656;0.25;40
7jl9atk6.tif;[64:66[;1;[1 : 2[;NO;SSM;trunc;NO;YES;NO;;YES;53.0;dead;YES;53.0;2991143169;3170943594;179030;411074;0.121398698884758;40
7jt3i8le.tif;[70:72[;1;[1 : 2[;NO;SSM;trunc;;;NO;;NO;;alive;NO;;2050640949;1125235072;103680;82944;0.2302131774022745;40
7kfcaom1.tif;[28:30[;2;<1;NO;SSM;trunc;;;NO;;NO;;alive;NO;;2918352807;459700712;61440;119808;0.25;40
7lm0qvdv.tif;[82:84[;2;[1 : 2[;NO;LMM;face;NO;;NO;;NO;;alive;NO;;374374354;685948942;91264;83968;0.226490306214894;40
7mcv8vjb.tif;[62:64[;1;<1;NO;SSM;lower limb/hip;;;NO;;NO;;alive;NO;;1189083983;680085494;143260;60317;0.263223;40
7ndvrfv6.tif;[64:66[;1;>=4;NO;SSM;leg;NO;;NO;;NO;;alive;NO;;2589553093;2631137408;207360;103680;0.2302131774022745;40
7niq054t.tif;[52:54[;2;[1 : 2[;NO;SSM;lower limb/hip;NO;YES;NO;;NO;;alive;NO;;1132108145;869379096;106259;306939;0.25;40
7noipssw.tif;[60:62[;1;<1;NO;SSM;trunc;;;NO;;NO;;alive;NO;;540746823;429809482;131132;48280;0.264384;40
7nxeq2xr.tif;[54:56[;2;[1 : 2[;NO;SSM;lower limb/hip;NO;;NO;;NO;;alive;NO;;815697543;302137374;104872;55942;0.263223;40
7nyiq3xw.tif;[50:52[;2;<1;NO;SSM;lower limb/hip;;;NO;;NO;;alive;NO;;1314750864;372573534;90112;59392;0.25;40
7ohxfx6m.tif;[56:58[;1;[2 : 4[;YES;SSM;trunc;;YES;YES;8.0;YES;13.0;dead;YES;8.0;1754360433;1332671820;94208;126976;0.25;40
7ozday6t.tif;[68:70[;1;<1;NO;SSM;trunc;;;NO;;NO;;alive;NO;;390020763;1658689470;119040;82944;0.2302131774022745;40
7qb81uoz.tif;[70:72[;1;[2 : 4[;NO;SSM;trunk;;;NO;;NO;;;NO;;3179587308;867109236;90112;97280;0.25;40
7rbrq9z0.tif;[60:62[;2;[1 : 2[;NO;SSM;leg;NO;YES;NO;;NO;;alive;NO;;1076554557;390048646;61440;58368;0.25;40
7u814p0x.tif;[56:58[;1;[2 : 4[;NO;NM;trunc;NO;;NO;;NO;;alive;NO;;4070990822;1726351150;94208;146432;0.25;40
7uoc0yex.tif;[58:60[;1;<1;NO;SSM;trunc;NO;;NO;;NO;;alive;NO;;1243831731;2349770530;179030;411074;0.121398698884758;40
7ut5a7t2.tif;[72:74[;1;<1;NO;SSM;trunc;NO;;NO;;NO;;alive;NO;;44025743;2748697520;179030;411074;0.121398698884758;40
7x1hf8sh.tif;[76:78[;2;>=4;YES;ALM;head/neck;NO;;NO;;NO;;dead;NO;;80619846;1903672364;132608;102144;0.2205120289311782;40
7xkllgbd.tif;[60:62[;1;>=4;NO;NM;scalp;NO;;NO;;NO;;alive;NO;;3776096501;1157817968;81920;133120;0.25;40
7ykc7nbc.tif;[38:40[;1;[1 : 2[;NO;SSM;trunk;NO;YES;NO;;NO;;alive;NO;;2359777481;1691109120;106259;306939;0.25;40
7ynx0aou.tif;[60:62[;2;[2 : 4[;YES;SSM;leg;NO;NO;YES;27.0;YES;38.0;alive;YES;27.0;2512704533;2606315422;179030;411074;0.121398698884758;40
7zuzy3aj.tif;[80:82[;2;[2 : 4[;YES;SSM;arm;NO;NO;YES;27.0;YES;45.0;alive;YES;27.0;2168925518;1926158230;157440;89856;0.2302131774022745;40
80n1o1oi.tif;[40:42[;1;<1;NO;SSM;arm;;;NO;;NO;;alive;NO;;3505953516;492194198;69632;62464;0.25;40
81ry4bbm.tif;[56:58[;2;<1;NO;SSM;arm;NO;NO;YES;55.0;NO;;alive;YES;55.0;3162233919;1293363262;88359;204649;0.242797397769517;20
82c126g1.tif;[84:86[;2;;NO;SSM;arm;;;NO;;NO;;alive;NO;;3510861662;658162154;65536;89088;0.25;40
83f1yvw8.tif;[64:66[;1;<1;NO;SSM;arm;NO;;NO;;NO;;alive;NO;;4205759826;1133176854;177762;77699;0.264384;40
83l58hha.tif;[46:48[;2;[1 : 2[;YES;NM;trunk;NO;NO;NO;;NO;;alive;NO;;3573687044;1361981606;106259;306939;0.25;40
843a784y.tif;[70:72[;1;<1;NO;LMM;face;;;NO;;NO;;alive;NO;;676936237;606385422;57344;195584;0.25;40
84r4032j.tif;[76:78[;2;[1 : 2[;NO;SSM;upper limb/shoulder;NO;NO;NO;;YES;42.0;alive;YES;42.0;4188414279;1625766178;106259;306939;0.25;40
85aiogcq.tif;[86:88[;1;>=4;YES;NM;trunc;NO;NO;NO;;NO;;dead;NO;;1179437111;2019896616;138880;93952;0.226490306214894;40
863fcapi.tif;[42:44[;2;[2 : 4[;YES;SSM;trunc;;;NO;;NO;;alive;NO;;3593061613;1093421240;90112;89088;0.25;40
86eguscv.tif;[40:42[;2;[1 : 2[;YES;;thigh;NO;YES;NO;;YES;33.0;dead;YES;33.0;2245291906;1460728586;98304;147456;0.25;40
877ufg4c.tif;[48:50[;1;<1;NO;SSM;trunc;;;NO;;NO;;alive;NO;;3309807703;670221018;69632;82944;0.25;40
8813nzvb.tif;[60:62[;2;>=4;NO;NM;lower limb/hip;NO;YES;NO;;NO;;alive;NO;;447428009;1269697334;84224;136368;0.25;40
89d57v2p.tif;[22:24[;2;<1;NO;SSM;trunc;;;NO;;NO;;alive;NO;;244919700;782514368;77824;84992;0.25;40
8awt4lm5.tif;[50:52[;2;[1 : 2[;NO;SSM;upper limb/shoulder;NO;YES;NO;;NO;;alive;NO;;2757781353;1337736926;106259;306939;0.25;40
8bc7iwv4.tif;[64:66[;2;<1;NO;SSM;trunk;;;NO;;NO;;;NO;;3828138736;832701720;90112;89088;0.25;40
8bt9si2a.tif;[66:68[;2;<1;NO;SSM;face;;;NO;;NO;;dead;NO;;1401879266;717212124;61440;87040;0.25;40
8bup5z8a.tif;[50:52[;1;<1;NO;SSM;arm;;;NO;;NO;;alive;NO;;2263986620;917566610;77824;94208;0.25;40
8c9bv7sx.tif;[74:76[;1;<1;NO;SSM;forearm;;;NO;;NO;;alive;NO;;1498226637;1305947312;94208;96256;0.25;40
8dlpse1e.tif;[44:46[;2;[2 : 4[;NO;SSM;lower limb/hip;NO;YES;NO;;NO;;alive;NO;;3676106848;1499095516;106259;306939;0.25;40
8dyp2m39.tif;[64:66[;2;<1;NO;LMM;face;NO;;NO;;NO;;alive;NO;;504877;121328366;32768;79872;0.25;40
8exdk3gj.tif;[56:58[;2;[2 : 4[;NO;unclassified;trunc;;;NO;;NO;;dead;NO;;3748200961;683692846;57344;146432;0.25;40
8f7dpkpv.tif;[52:54[;1;<1;NO;SSM;leg;YES;;NO;;NO;;alive;NO;;890201656;2058813248;207360;103680;0.2302131774022745;40
8f9vuwnn.tif;[64:66[;1;<1;;SSM;lower limb/hip;;;NO;;NO;;alive;NO;;1238266542;544715418;69632;93184;0.25;40
8gazu6l2.tif;[56:58[;2;<1;NO;SSM;trunc;NO;;NO;;NO;;alive;NO;;597032388;440459112;115200;36864;0.2302131774022745;40
8gbhlm6y.tif;[66:68[;2;<1;NO;LMM;arm;;;NO;;NO;;alive;NO;;753444184;515415290;67456;67328;0.226490306214894;40
8gn8amko.tif;[44:46[;1;<1;;SSM;trunk;;;NO;;NO;;alive;NO;;943000462;1301661176;90112;164864;0.25;40
8haguiiw.tif;[80:82[;1;[2 : 4[;NO;ALM;head/neck;NO;NO;NO;;NO;;alive;NO;;2488346763;1059484236;106259;306939;0.25;40
8hjkl17n.tif;[32:34[;1;[2 : 4[;YES;other;upper limb/shoulder;NO;YES;NO;;NO;;alive;NO;;3333362878;1494843704;98304;132096;0.25;40
8j2n6c96.tif;[40:42[;2;<1;NO;SSM;leg;;;NO;;NO;;alive;NO;;41214681;2239622632;207360;103680;0.2302131774022745;40
8jvyaboo.tif;[78:80[;1;[2 : 4[;NO;SSM;lower limb/hip;;;NO;;NO;;alive;NO;;3468385437;1399069304;77824;123904;0.25;40
8k7p5vsq.tif;[52:54[;1;<1;NO;SSM;trunc;;;NO;;NO;;alive;NO;;1776448296;824810306;96911;87505;0.264384;40
8l2n1n2m.tif;[78:80[;2;>=4;YES;SSM;finger;NO;NO;YES;8.0;YES;31.0;alive;YES;8.0;2218304237;460930502;69632;53248;0.25;40
8l601uzw.tif;[42:44[;1;<1;NO;SSM;trunc;;;NO;;NO;;alive;NO;;2423614163;1376554286;98304;137216;0.25;40
8l7i11oz.tif;[84:86[;1;[2 : 4[;NO;SSM;face;;;NO;;NO;;alive;NO;;1737683833;1068607578;86016;100352;0.25;40
8li0qu75.tif;[60:62[;1;<1;NO;LMM;arm;;;NO;;NO;;alive;NO;;1683634593;242529836;67456;26112;0.226490306214894;40
8lii19im.tif;[50:52[;2;<1;NO;SSM;thigh;;;NO;;NO;;alive;NO;;4247433293;654203368;86016;118784;0.25;40
8n5jsxbu.tif;[68:70[;2;<1;NO;SSM;trunc;;;NO;;NO;;alive;NO;;3993855659;1022167952;73728;111616;0.25;40
8n9g71il.tif;[70:72[;1;>=4;YES;NM;face;NO;YES;NO;;NO;;dead;NO;;3232387979;1119584218;90112;92160;0.25;40
8nj6c8st.tif;[38:40[;2;[1 : 2[;NO;SSM;leg;;;NO;;NO;;alive;NO;;1127951613;1583921188;81920;188416;0.25;40
8o5rru3w.tif;[48:50[;1;[1 : 2[;NO;SSM;head/neck;;;NO;;NO;;alive;NO;;2238651040;760926674;93184;69888;0.2205120289311782;40
8osrmvln.tif;[30:32[;1;<1;NO;SSM;leg;;;NO;;NO;;alive;NO;;3763199312;553761688;76800;59904;0.2302131774022745;40
8pkdid6b.tif;[80:82[;2;<1;NO;SSM;leg;;;NO;;NO;;alive;NO;;1299768575;1954848874;180480;89856;0.2302131774022745;40
8q4w4d2i.tif;[36:38[;1;[1 : 2[;NO;SSM;lower limb/hip;NO;NO;NO;;NO;;alive;NO;;1987829119;1165379998;106259;306939;0.25;40
8qmf9gy2.tif;[70:72[;2;<1;NO;LMM;head/neck;;;NO;;NO;;alive;NO;;1829984772;1109290536;189406;88164;0.263223;40
8sq7xxx4.tif;[72:74[;1;[2 : 4[;NO;NM;trunc;;;NO;;NO;;dead;NO;;448285099;1433150022;98304;107520;0.25;40
8t3k7z9r.tif;[72:74[;2;[1 : 2[;NO;SSM;trunc;;;NO;;NO;;alive;NO;;780712264;2380117264;207360;103680;0.2302131774022745;40
8tdz79pr.tif;[58:60[;1;[1 : 2[;NO;SSM;trunc;NO;NO;NO;;NO;;alive;NO;;2234104547;2502819912;184320;99072;0.2302131774022745;40
8tn0wx0q.tif;[78:80[;1;>=4;YES;NM;arm;NO;NO;NO;;YES;1.0;alive;YES;1.0;3161968755;1631052344;90112;104448;0.25;40
8ukvmhro.tif;[66:68[;1;[1 : 2[;NO;;arm;;;NO;;NO;;dead;NO;;4051088971;904679050;77824;104448;0.25;40
8v3fqkvd.tif;[66:68[;1;>=4;YES;other;hand/foot/nail;NO;NO;NO;;YES;47.0;alive;YES;47.0;267693001;254502202;60928;32256;0.2205120289311782;40
8wg601oe.tif;[66:68[;1;<1;;SSM;head/neck;;;NO;;NO;;;NO;;1344207528;1603484314;90112;162816;0.25;40
8wmhpqgt.tif;[56:58[;1;<1;NO;unclassified;trunc;;;NO;;NO;;alive;NO;;48967154;156829342;36864;37888;0.25;40
8wxp065r.tif;[54:56[;2;[1 : 2[;NO;SSM;trunk;NO;YES;NO;;NO;;alive;NO;;2991927815;1434991166;106259;306939;0.25;40
8xc25z3z.tif;[52:54[;1;[1 : 2[;YES;NM;trunk;NO;YES;NO;;NO;;alive;NO;;1317322736;969142284;86016;118784;0.25;40
8xj2h8re.tif;[80:82[;1;[1 : 2[;NO;ALM;sole;;;NO;;NO;;alive;NO;;1771975131;1024923378;90112;166912;0.25;40
8xyq2p5x.tif;[58:60[;2;<1;NO;SSM;thigh;NO;;NO;;NO;;alive;NO;;2611815657;1291105092;171958;87505;0.264384;40
92icz13u.tif;[76:78[;2;[2 : 4[;NO;SSM;leg;;;NO;;NO;;dead;NO;;2622724822;893728786;81920;74752;0.25;40
937hzumm.tif;[92:94[;2;[2 : 4[;NO;SSM;arm;;NO;NO;;NO;;dead;NO;;1906820404;1160513182;81920;92160;0.25;40
943c5hgj.tif;[76:78[;2;[2 : 4[;YES;SSM;lower limb/hip;NO;NO;NO;;NO;;alive;NO;;4016151987;1297112302;106259;306939;0.25;40
9443s034.tif;[42:44[;2;<1;NO;SSM;neck;NO;;NO;;NO;;alive;NO;;1678959164;1095493834;90112;95232;0.25;40
94c4bcxq.tif;[66:68[;2;[1 : 2[;NO;SSM;leg;NO;;NO;;NO;;dead;NO;;117435195;204425754;55552;28928;0.226490306214894;40
94eych88.tif;[52:54[;1;<1;NO;SSM;trunc;NO;YES;YES;77.0;YES;80.0;alive;YES;77.0;483872634;788985962;192971;63890;0.264384;40
959cw1gx.tif;[38:40[;2;<1;NO;SSM;leg;;;NO;;NO;;alive;NO;;3914146144;1274576168;122880;80640;0.2302131774022745;40
95go1asl.tif;[84:86[;1;<1;NO;SSM;trunc;;;NO;;NO;;alive;NO;;1927048720;1133937470;77824;92160;0.25;40
95ivxr2v.tif;[50:52[;2;<1;NO;SSM;thigh;;;NO;;NO;;alive;NO;;1129365046;467873844;49152;79872;0.25;40
95wlb8n2.tif;[76:78[;2;<1;NO;SSM;lower limb/hip;NO;;NO;;NO;;alive;NO;;1952723323;927193466;123840;251340;0.194475138121547;40
96qjz49q.tif;[62:64[;2;>=4;YES;NM;hand/foot/nail;;;NO;;YES;18.0;dead;YES;18.0;3203791714;2325904856;98304;168960;0.25;40
974qu42s.tif;[68:70[;1;<1;NO;SSM;forearm;NO;;NO;;NO;;alive;NO;;783183406;1896114288;179030;411074;0.121398698884758;40
984x0rw9.tif;[52:54[;2;>=4;YES;NM;upper limb/shoulder;NO;;NO;;NO;;alive;NO;;2920676698;1095944082;103168;82944;0.2271746291374179;40
98oj127w.tif;[32:34[;2;<1;NO;SSM;leg;;;NO;;NO;;alive;NO;;1079648663;222115666;40960;46080;0.25;40
99lo98si.tif;[84:86[;1;>=4;NO;SSM;trunk;;;NO;;NO;;dead;NO;;1276620851;1580204422;98304;149504;0.25;40
99orof16.tif;[32:34[;2;[2 : 4[;YES;SSM;lower limb/hip;;;NO;;NO;;alive;NO;;2461547743;1118457224;94208;136192;0.25;40
9be78wlj.tif;[42:44[;1;[1 : 2[;NO;SSM;trunc;;;NO;;NO;;alive;NO;;2725754788;1629358940;172800;85248;0.2302131774022745;40
9bst7k9v.tif;[62:64[;2;<1;NO;SSM;leg;NO;;NO;;NO;;alive;NO;;1268348990;277055160;131933;37874;0.264384;40
9d6drue3.tif;[60:62[;2;<1;NO;SSM;trunc;NO;;NO;;NO;;alive;NO;;4186974079;2672699772;179030;411074;0.121398698884758;40
9d9fv6qj.tif;[78:80[;1;[1 : 2[;NO;SSM;trunc;NO;;NO;;NO;;alive;NO;;236903472;2002940026;207360;103680;0.2302131774022745;40
9dp3he0s.tif;[50:52[;2;<1;NO;SSM;leg;;;NO;;NO;;alive;NO;;2888919593;1804111724;168960;103680;0.2302131774022745;40
9eegdue9.tif;[70:72[;1;[1 : 2[;NO;SSM;trunk;NO;YES;NO;;NO;;dead;NO;;1058530152;1476097860;78592;179200;0.25;40
9en9aory.tif;[46:48[;2;<1;NO;SSM;thigh;NO;;NO;;NO;;alive;NO;;3056061827;2482731926;179030;411074;0.121398698884758;40
9eprw4vp.tif;[70:72[;2;[2 : 4[;YES;SSM;neck;NO;;NO;;NO;;alive;NO;;1233646775;772685302;133534;71095;0.264384;40
9ew1qddd.tif;[26:28[;2;<1;NO;SSM;upper limb/shoulder;;;NO;;NO;;alive;NO;;3953360462;485014582;81920;66560;0.25;40
9fbbys7b.tif;[76:78[;1;<1;NO;SSM;trunc;NO;;NO;;NO;;alive;NO;;1821735264;1116498454;88359;204649;0.242797397769517;20
9fbdcmdj.tif;[42:44[;2;<1;NO;SSM;thigh;YES;;NO;;NO;;alive;NO;;3622009404;677850688;123528;83302;0.264384;40
9fdq5wqk.tif;[48:50[;2;<1;NO;SSM;forearm;NO;;NO;;NO;;alive;NO;;3724469608;789045428;73728;82944;0.25;40
9fl81jek.tif;[50:52[;2;[1 : 2[;NO;SSM;leg;;;NO;;NO;;alive;NO;;1515509652;196465332;45056;40960;0.25;40
9gzk1ve7.tif;[78:80[;1;<1;NO;SSM;trunc;;;NO;;NO;;alive;NO;;2653859984;861102188;77824;81920;0.25;40
9hrelbkr.tif;[52:54[;2;<1;NO;SSM;thigh;;;NO;;NO;;alive;NO;;1752382096;868771358;69632;100352;0.25;40
9hvfn4ep.tif;[62:64[;2;<1;NO;SSM;arm;NO;;NO;;NO;;alive;NO;;1803419324;3490534940;179030;411074;0.121398698884758;40
9j4yq41z.tif;[90:92[;2;>=4;YES;other;lower limb/hip;NO;NO;NO;;YES;43.0;dead;YES;43.0;1020367171;2139883658;95824;181808;0.25;40
9jclx9f7.tif;[46:48[;2;<1;NO;SSM;arm;;;NO;;NO;;alive;NO;;1098839777;392129624;81920;70656;0.25;40
9k10x5h3.tif;[84:86[;1;[2 : 4[;;ALM;hand;;;NO;;NO;;dead;NO;;2800044442;1580113924;94208;123904;0.25;40
9k7auueb.tif;[58:60[;2;[1 : 2[;NO;SSM;thigh;;;NO;;NO;;alive;NO;;4172525335;234996052;53248;40960;0.25;40
9kdswl4l.tif;[70:72[;1;[1 : 2[;NO;SSM;trunc;NO;;NO;;NO;;alive;NO;;1782359572;353506048;71424;33536;0.226490306214894;40
9nc3f0qo.tif;[44:46[;2;<1;NO;SSM;thigh;;;NO;;NO;;alive;NO;;242058297;264097820;40960;54272;0.25;40
9niqc2re.tif;[64:66[;2;[1 : 2[;NO;SSM;upper limb/shoulder;;;NO;;NO;;alive;NO;;4140415071;379560510;57344;73728;0.25;40
9o5z9cju.tif;[56:58[;1;<1;NO;SSM;upper limb/shoulder;;;NO;;NO;;alive;NO;;3078489852;1756317546;98304;160768;0.25;40
9qzgwnp8.tif;[64:66[;2;[1 : 2[;NO;SSM;leg;;;NO;;NO;;alive;NO;;1768186268;396976962;49152;53248;0.25;40
9r67fy7w.tif;[70:72[;1;<1;NO;SSM;trunc;;;NO;;NO;;alive;NO;;641248155;2359911134;207360;103680;0.2302131774022745;40
9v0bl8q7.tif;[46:48[;2;;NO;SSM;leg;;;NO;;NO;;alive;NO;;1366119351;145261384;36864;35840;0.25;40
9vgzc181.tif;[62:64[;2;[1 : 2[;NO;SSM;arm;YES;;NO;;NO;;alive;NO;;1040813357;939300472;86016;106496;0.25;40
9vtlzjav.tif;[84:86[;1;<1;NO;LMM;face;;;NO;;NO;;alive;NO;;3591916474;671811016;67456;82176;0.226490306214894;40
9w4g5nlb.tif;[66:68[;1;>=4;YES;SSM;trunk;NO;NO;YES;1.0;NO;;alive;YES;1.0;1539948219;1541642584;95888;148016;0.25;40
9wie3jq1.tif;[78:80[;1;<1;NO;LMM;trunc;;;NO;;NO;;alive;NO;;325858415;1008262754;94208;93184;0.25;40
9wr5dmm5.tif;[66:68[;2;[1 : 2[;NO;SSM;lower limb/hip;NO;NO;NO;;NO;;alive;NO;;3946983620;1239261396;106259;306939;0.25;40
9yf0nfcs.tif;[46:48[;1;[1 : 2[;NO;SSM;leg;NO;;NO;;NO;;alive;NO;;3456485191;819508032;162752;71095;0.264384;40
9yje8gz0.tif;[40:42[;2;[1 : 2[;NO;SSM;upper limb/shoulder;;;NO;;NO;;alive;NO;;606048938;2014786812;98304;184320;0.25;40
9zl74rdz.tif;[70:72[;1;<1;NO;SSM;trunc;;;NO;;NO;;alive;NO;;2001039665;436142210;49152;76800;0.25;40
9zooe7y1.tif;[52:54[;2;;NO;SSM;leg;;;NO;;NO;;alive;NO;;876368110;467805758;69632;67584;0.25;40
a03roo37.tif;[52:54[;1;<1;NO;SSM;face;NO;;NO;;NO;;alive;NO;;13815862;2135307974;188168;87505;0.264384;40
a06ha5mc.tif;[94:96[;1;>=4;YES;LMM;head/neck;;;NO;;NO;;dead;NO;;1979265497;664839538;60928;64512;0.2205120289311782;40
a0b6z7y6.tif;[72:74[;2;;NO;SSM;face;;;NO;;NO;;alive;NO;;1280139950;135314252;28672;76800;0.25;40
a11izkre.tif;[58:60[;2;<1;NO;SSM;upper limb/shoulder;;;NO;;NO;;;NO;;1343647362;971902176;69632;190464;0.25;40
a3ithgsm.tif;[52:54[;1;;;LMM;head/neck;NO;;NO;;NO;;alive;NO;;1657977270;1339705658;96768;86016;0.2205120289311782;40
a4giay3t.tif;[52:54[;2;[1 : 2[;NO;SSM;arm;;;NO;;NO;;alive;NO;;945782027;446795138;51584;72448;0.226490306214894;40
a4ymz4b4.tif;[30:32[;1;[2 : 4[;YES;NM;trunk;NO;YES;NO;;YES;28.0;dead;YES;28.0;137109999;998797342;121381;75036;0.263223;40
a7kvovs2.tif;[72:74[;2;<1;NO;LMM;face;;;NO;;NO;;alive;NO;;2852697440;1197489166;94208;118784;0.25;40
a9eqjgk9.tif;[72:74[;2;[1 : 2[;NO;SSM;trunk;;;NO;;NO;;alive;NO;;3234484947;1103732546;94208;107520;0.25;40
a9wm35ns.tif;[66:68[;1;<1;NO;SSM;trunk;;;NO;;NO;;;NO;;1165630841;1046166370;94208;146432;0.25;40
a9xn7huv.tif;[48:50[;2;[2 : 4[;YES;NM;lower limb/hip;NO;NO;NO;;NO;;alive;NO;;2081191933;959149206;81920;122880;0.25;40
aappdi6o.tif;[82:84[;2;[2 : 4[;YES;ALM;foot;;NO;NO;;NO;;alive;NO;;2479332486;835538904;111104;71936;0.226490306214894;40
aapunj2m.tif;[64:66[;2;[1 : 2[;;unclassified;face;NO;;NO;;NO;;alive;NO;;3296808002;315056654;55552;51712;0.226490306214894;40
aavjj6dl.tif;[68:70[;1;<1;NO;SSM;trunk;;;NO;;NO;;alive;NO;;3621938026;1258365232;147039;81998;0.263223;40
abeshq44.tif;[80:82[;1;>=4;YES;NM;hand/foot/nail;;;NO;;YES;13.0;dead;YES;13.0;2512405317;1071597374;105270;80009;0.263223;40
abkhyrk4.tif;[58:60[;2;>=4;YES;unclassified;seat;NO;NO;NO;;NO;;dead;NO;;2099795112;1639049652;94208;146432;0.25;40
abl5ohxt.tif;[42:44[;1;[2 : 4[;;SSM;lower limb/hip;NO;YES;NO;;NO;;alive;NO;;1616277275;1916669650;106259;306939;0.25;40
acroxj3t.tif;[68:70[;1;<1;NO;SSM;;NO;;NO;;NO;;alive;NO;;2148440410;3661211540;179030;411074;0.121398698884758;40
ae3vnw2s.tif;[36:38[;2;[1 : 2[;NO;other;trunk;NO;YES;NO;;NO;;alive;NO;;2289721041;1362739616;106259;306939;0.25;40
aecwkln1.tif;[72:74[;2;>=4;YES;ALM;hand/foot/nail;;;NO;;NO;;alive;NO;;1711623841;1524451130;123008;104192;0.2271746291374179;40
aeg15vcz.tif;[62:64[;2;<1;NO;SSM;lower limb/hip;NO;YES;NO;;YES;50.0;dead;YES;50.0;2627749658;642071948;73728;80896;0.25;40
afib2d6w.tif;[78:80[;2;<1;;SSM;lower limb/hip;;;NO;;NO;;alive;NO;;1252683177;717499290;81920;123904;0.25;40
ah7hcun5.tif;[76:78[;1;[2 : 4[;YES;NM;face;NO;;NO;;NO;;dead;NO;;3734299188;2454615922;98304;189440;0.25;40
ahvy88kd.tif;[82:84[;2;<1;NO;SSM;leg;NO;;NO;;NO;;alive;NO;;3259964005;377611606;135735;56085;0.264384;40
ai561bat.tif;[74:76[;2;<1;NO;SSM;leg;;;NO;;NO;;alive;NO;;930052501;1109636664;94208;104448;0.25;40
aimuxnst.tif;[74:76[;1;<1;NO;SSM;trunc;;;NO;;NO;;alive;NO;;3200258437;920523934;65536;105472;0.25;40
aiv94oe5.tif;[62:64[;2;[1 : 2[;NO;SSM;thigh;;;NO;;NO;;alive;NO;;3549334935;1333229560;65536;166912;0.25;40
ak9f0jl8.tif;[40:42[;2;<1;NO;SSM;trunc;NO;;NO;;NO;;alive;NO;;984687980;2491135812;188160;103680;0.2302131774022745;40
akoar9jx.tif;[84:86[;2;<1;NO;SSM;leg;NO;;NO;;NO;;alive;NO;;1137392137;717300640;141939;79900;0.264384;40
al4hpxbb.tif;[36:38[;1;[1 : 2[;NO;;trunk;NO;;NO;;NO;;alive;NO;;1141412834;1284067630;150421;88164;0.263223;40
al8uh1wx.tif;[72:74[;1;<1;NO;SSM;trunc;;;NO;;NO;;alive;NO;;2495828423;2766037200;207360;92160;0.2302131774022745;40
amaej4tz.tif;[42:44[;2;>=4;NO;SSM;thigh;YES;NO;YES;2.0;YES;8.0;alive;YES;2.0;1119215470;757715368;86016;67584;0.25;40
amav5gs4.tif;[60:62[;2;[2 : 4[;YES;SSM;leg;NO;;NO;;NO;;alive;NO;;3109277679;1251267380;135335;87505;0.264384;40
amawg57l.tif;[44:46[;2;[1 : 2[;NO;ALM;foot;NO;;NO;;NO;;alive;NO;;4011228406;1514604392;88359;204649;0.242797397769517;20
amxphj4g.tif;[84:86[;2;<1;NO;SSM;leg;;;NO;;NO;;dead;NO;;3136427119;1223023990;90112;115712;0.25;40
anrtbo8i.tif;[50:52[;2;<1;NO;SSM;leg;;;NO;;NO;;alive;NO;;4190968829;506047086;61440;57344;0.25;40
anz0gh5b.tif;[46:48[;2;[2 : 4[;;SSM;lower limb/hip;;;NO;;NO;;alive;NO;;683841263;1304194324;94208;136192;0.25;40
ao4e0nql.tif;[66:68[;2;>=4;YES;SSM;toe;;NO;NO;;NO;;alive;NO;;2630166820;1308228650;90112;122880;0.25;40
aom48hus.tif;[44:46[;1;>=4;YES;other;trunk;NO;YES;NO;;NO;;alive;NO;;484504286;1633309908;94208;147456;0.25;40
apmy5vq7.tif;[56:58[;1;[2 : 4[;NO;SSM;trunc;NO;YES;YES;32.0;YES;62.0;alive;YES;32.0;2800309394;1695046710;94208;140288;0.25;40
apqlc0sm.tif;[62:64[;2;<1;NO;ALM;foot;NO;;NO;;NO;;alive;NO;;3458785150;508635348;63488;66816;0.226490306214894;40
aq2qyinz.tif;[74:76[;1;<1;NO;SSM;arm;;;NO;;NO;;alive;NO;;51653450;341898270;59520;54528;0.226490306214894;40
aq867hmg.tif;[40:42[;2;>=4;YES;NM;lower limb/hip;NO;;YES;5.0;NO;;alive;YES;5.0;3612666582;1084247426;154112;48384;0.2205120289311782;40
atdinck0.tif;[54:56[;1;>=4;NO;unclassified;trunc;YES;;YES;28.0;YES;72.0;dead;YES;28.0;1767155383;1133645014;94208;94208;0.25;40
au1rljsr.tif;[76:78[;2;>=4;NO;SSM;leg;;;NO;;NO;;alive;NO;;2040584934;771377234;65536;94208;0.25;40
au5460j1.tif;[30:32[;1;>=4;YES;SSM;trunk;NO;YES;NO;;YES;11.0;dead;YES;11.0;4088456131;857852484;82432;64512;0.2205120289311782;40
auakoj6a.tif;[70:72[;2;<1;NO;SSM;face;NO;;NO;;NO;;alive;NO;;2996174659;2594587322;179030;411074;0.121398698884758;40
aw75mfil.tif;[58:60[;1;<1;NO;SSM;leg;;;NO;;NO;;alive;NO;;2265747595;299804106;53248;59392;0.25;40
awf7zacm.tif;[66:68[;2;[2 : 4[;;NM;lower limb/hip;NO;NO;NO;;NO;;alive;NO;;2109225742;967576446;76656;166512;0.25;40
awo8phk2.tif;[58:60[;2;[1 : 2[;NO;SSM;toe;;;NO;;NO;;alive;NO;;3016582462;222236016;49152;32768;0.25;40
ax1nd9nh.tif;[68:70[;1;<1;NO;SSM;arm;NO;;NO;;NO;;alive;NO;;3566736926;2566368210;179030;411074;0.121398698884758;40
ax4bswhx.tif;[56:58[;2;<1;NO;SSM;leg;;;NO;;NO;;alive;NO;;668189301;878402140;90112;90112;0.25;40
axca9vhg.tif;[82:84[;2;>=4;YES;SSM;leg;NO;YES;YES;7.0;YES;33.0;alive;YES;7.0;4019805049;2208607408;111360;103680;0.2302131774022745;40
ayerxdkt.tif;[58:60[;1;[2 : 4[;NO;SSM;trunk;NO;YES;NO;;NO;;alive;NO;;1932275929;1224016152;106259;306939;0.25;40
aykeu0cg.tif;[26:28[;1;[2 : 4[;YES;NM;upper limb/shoulder;NO;NO;NO;;YES;82.0;dead;YES;82.0;1389491062;1179727584;178665;77423;0.263223;40
azoih6zh.tif;[18:20[;2;[2 : 4[;NO;SSM;upper limb/shoulder;NO;NO;NO;;NO;;alive;NO;;3618781360;948315070;81760;137792;0.25;40
b0sbwcko.tif;[72:74[;2;[1 : 2[;;ALM;lower limb/hip;;;NO;;NO;;alive;NO;;2819109987;1278844548;77824;135168;0.25;40
b2c4243u.tif;[88:90[;1;[2 : 4[;;NM;face;;;NO;;NO;;dead;NO;;3974318841;530732898;57344;76800;0.25;40
b2ywfagg.tif;[52:54[;1;[1 : 2[;NO;SSM;trunk;NO;NO;NO;;NO;;alive;NO;;1219367412;970639814;106259;306939;0.25;40
b4ci2swd.tif;[44:46[;2;<1;NO;SSM;thigh;;;NO;;NO;;alive;NO;;3641945083;1199386792;86016;99328;0.25;40
b4hurou4.tif;[50:52[;2;<1;;unclassified;forearm;NO;;NO;;NO;;alive;NO;;3907570039;1308784626;88359;204649;0.242797397769517;20
b4ueqzrd.tif;[68:70[;2;[2 : 4[;NO;ALM;hand/foot/nail;NO;;NO;;NO;;dead;NO;;1668978873;1875687696;119040;109312;0.2271746291374179;40
b9m759zj.tif;[54:56[;1;[2 : 4[;NO;SSM;trunc;;;NO;;NO;;alive;NO;;3697297086;1173597672;90112;106496;0.25;40
b9nuvd5p.tif;[44:46[;2;[1 : 2[;NO;ALM;foot;NO;;NO;;NO;;alive;NO;;2082378409;187308434;35712;41472;0.226490306214894;40
ba9kpgk3.tif;[48:50[;2;<1;;SSM;trunc;;;NO;;NO;;alive;NO;;3231619569;1944341514;207360;103680;0.2302131774022745;40
bay6eb6o.tif;[44:46[;1;<1;;SSM;upper limb/shoulder;NO;;NO;;NO;;alive;NO;;199844372;2336013262;186496;109312;0.2271746291374179;40
bc2f1hwz.tif;[80:82[;2;[2 : 4[;NO;SSM;head/neck;;;NO;;NO;;;NO;;3642028470;440698472;36864;107520;0.25;40
bcr2df5e.tif;[48:50[;2;<1;NO;SSM;leg;;;NO;;NO;;alive;NO;;978312782;1453585920;86016;147456;0.25;40
bfp575w1.tif;[74:76[;1;>=4;NO;NM;head/neck;NO;NO;NO;;YES;34.0;dead;YES;34.0;783491378;1379894292;106259;306939;0.25;40
bgkbbfpf.tif;[38:40[;2;<1;NO;SSM;arm;;;NO;;NO;;alive;NO;;750568664;1344476112;172800;59904;0.2302131774022745;40
bgop856v.tif;[30:32[;1;[1 : 2[;YES;unclassified;arm;NO;;NO;;NO;;alive;NO;;1419224991;2378680134;207360;103680;0.2302131774022745;40
bhlyzeyd.tif;[46:48[;1;[1 : 2[;NO;SSM;head/neck;YES;NO;NO;;NO;;alive;NO;;263050621;1635960472;106259;306939;0.25;40
bhqjrxz5.tif;[58:60[;2;[1 : 2[;NO;SSM;lower limb/hip;;;NO;;NO;;alive;NO;;2343951061;1297501398;98304;144384;0.25;40
biywg6ya.tif;[50:52[;2;>=4;;NM;head/neck;NO;NO;NO;;NO;;alive;NO;;3420907334;1803302950;94208;122880;0.25;40
bkk04xla.tif;[40:42[;2;<1;NO;SSM;trunc;;;NO;;NO;;alive;NO;;2472802070;439448092;57600;55296;0.2302131774022745;40
borbyiur.tif;[78:80[;1;[1 : 2[;NO;SSM;trunc;;;NO;;NO;;alive;NO;;475504181;1816648054;94208;135168;0.25;40
botiq09h.tif;[68:70[;2;<1;NO;SSM;arm;NO;;NO;;NO;;alive;NO;;145354592;2135154824;207360;103680;0.2302131774022745;40
bpexx4pk.tif;[92:94[;2;>=4;YES;SSM;leg;;;NO;;NO;;dead;NO;;3077413078;312012090;73728;45056;0.25;40
bq9pbgmu.tif;[56:58[;1;[2 : 4[;YES;SSM;;NO;NO;NO;;YES;19.0;alive;YES;19.0;1777090714;742014992;81920;101376;0.25;40
brvcd1zb.tif;[56:58[;1;>=4;YES;NM;hand/foot/nail;NO;NO;YES;8.0;YES;26.0;dead;YES;8.0;3119561346;2361145726;98304;132096;0.25;40
bt92a0zo.tif;[74:76[;2;[1 : 2[;NO;SSM;leg;NO;;NO;;NO;;alive;NO;;1942357354;1058852572;151745;83703;0.264384;40
btlrv95d.tif;[78:80[;1;[2 : 4[;YES;SSM;trunc;NO;;NO;;NO;;dead;NO;;2198859126;1208513092;99200;97536;0.226490306214894;40
btn4npsm.tif;[64:66[;1;[2 : 4[;NO;SSM;head/neck;NO;;NO;;NO;;alive;NO;;2364274981;1336048570;93184;86016;0.2205120289311782;40
btp9c9y2.tif;[76:78[;2;[2 : 4[;YES;NM;face;;;NO;;NO;;alive;NO;;3947721944;90576414;45056;25600;0.25;40
bu5xt1xm.tif;[64:66[;2;<1;NO;SSM;face;NO;;NO;;NO;;alive;NO;;774102360;465947458;157949;72896;0.264384;40
bvrflh9r.tif;[60:62[;2;>=4;NO;NM;head/neck;YES;YES;NO;;NO;;alive;NO;;2927515065;1880206094;164864;80640;0.2205120289311782;40
bvvq09ph.tif;[70:72[;1;>=4;YES;NM;neck;NO;NO;NO;;YES;0.0;dead;YES;0.0;1758825909;1650348830;86016;115712;0.25;40
bwdw3kyi.tif;[76:78[;1;>=4;YES;SSM;leg;;;NO;;NO;;dead;NO;;1962976833;1710911614;98304;133120;0.25;40
bxifq97f.tif;[52:54[;2;<1;NO;SSM;trunk;NO;;NO;;NO;;alive;NO;;4096036349;760064698;111436;78020;0.263223;40
bybn8j8u.tif;[34:36[;2;[2 : 4[;NO;SSM;neck;NO;;NO;;NO;;alive;NO;;4009864111;711697700;178962;68293;0.264384;40
bzfmf5v8.tif;[62:64[;2;;NO;SSM;leg;;;NO;;NO;;alive;NO;;1273782371;316479084;57344;51200;0.25;40
bzjqvu0d.tif;[32:34[;2;[1 : 2[;NO;SSM;trunc;NO;;NO;;NO;;alive;NO;;3688753759;1240022274;103168;85504;0.226490306214894;40
bzodhout.tif;[66:68[;2;<1;NO;SSM;trunc;;;NO;;NO;;alive;NO;;239503935;1505208594;126720;87552;0.2302131774022745;40
bzokntjk.tif;[62:64[;1;[1 : 2[;NO;other;trunk;NO;YES;NO;;NO;;alive;NO;;2548912954;2675182024;106259;306939;0.25;40
c0bnsm2e.tif;[68:70[;2;[1 : 2[;NO;SSM;upper limb/shoulder;;;NO;;NO;;alive;NO;;129108845;1777108184;90112;137216;0.25;40
c0ifcl7g.tif;[64:66[;1;[2 : 4[;NO;SSM;face;NO;YES;NO;;YES;77.0;alive;YES;77.0;3062200954;1679155268;90112;142336;0.25;40
c3kagwa3.tif;[40:42[;2;<1;NO;SSM;face;;;NO;;NO;;alive;NO;;456379541;1382594208;94208;123904;0.25;40
c3kei8oe.tif;[38:40[;2;[1 : 2[;YES;SSM;lower limb/hip;NO;NO;NO;;NO;;alive;NO;;112248512;1199888384;98304;142336;0.25;40
c3n2zlxm.tif;[70:72[;1;<1;NO;ALM;foot;NO;NO;YES;68.0;NO;;alive;YES;68.0;615660867;33342754;19840;16640;0.226490306214894;40
c3okjqjt.tif;[66:68[;2;<1;NO;SSM;leg;NO;;NO;;NO;;alive;NO;;1663686574;1526358582;188160;92160;0.2302131774022745;40
c4foxlee.tif;[48:50[;1;[1 : 2[;NO;unclassified;trunc;NO;;NO;;NO;;alive;NO;;243766804;617483958;149744;61889;0.264384;40
c5vewgvg.tif;[68:70[;2;>=4;YES;NM;lower limb/hip;NO;NO;NO;;NO;;alive;NO;;3860391082;876458788;106259;306939;0.25;40
c6hbt06d.tif;[66:68[;2;<1;NO;SSM;trunc;;;NO;;NO;;alive;NO;;1551174089;444560810;61440;58368;0.25;40
c6nn51w5.tif;[88:90[;1;>=4;NO;NM;trunc;NO;NO;NO;;YES;5.0;dead;YES;5.0;304489485;748113006;83328;79360;0.226490306214894;40
c6rxg1xy.tif;[52:54[;2;<1;NO;SSM;leg;;;NO;;NO;;alive;NO;;2515452396;473614558;49152;73728;0.25;40
c891urd8.tif;[44:46[;2;<1;NO;SSM;trunc;NO;;NO;;NO;;alive;NO;;4253689641;264562856;47616;35840;0.226490306214894;40
c9k5lpw4.tif;[52:54[;1;[1 : 2[;NO;SSM;trunc;NO;;NO;;NO;;alive;NO;;538633668;3595267552;179030;411074;0.121398698884758;40
ca0wlrjg.tif;[66:68[;1;[2 : 4[;NO;SSM;arm;;;NO;;NO;;alive;NO;;478243919;1628087050;138240;92160;0.2302131774022745;40
cabd4sme.tif;[64:66[;1;[1 : 2[;NO;SSM;trunk;NO;YES;NO;;NO;;alive;NO;;2232724503;1402518464;106259;306939;0.25;40
cbu40kft.tif;[64:66[;1;[1 : 2[;NO;SSM;trunk;NO;NO;NO;;YES;80.0;alive;YES;80.0;360720491;1391067348;125359;88164;0.263223;40
cc9zdhx1.tif;[50:52[;2;;NO;SSM;thigh;;;NO;;NO;;alive;NO;;4264854581;626450842;69632;77824;0.25;40
ccn4y8f5.tif;[70:72[;1;<1;NO;SSM;trunc;NO;;NO;;NO;;alive;NO;;1515471043;2675523362;179030;411074;0.121398698884758;40
cd3zijd3.tif;[74:76[;2;<1;NO;SSM;leg;;;NO;;NO;;alive;NO;;2861367885;1972948470;207360;103680;0.2302131774022745;40
ce47wf9n.tif;[76:78[;1;<1;NO;SSM;trunk;;;NO;;NO;;alive;NO;;208527800;1173851454;119591;83788;0.263223;40
celd7o0o.tif;[66:68[;1;[2 : 4[;NO;SSM;forearm;NO;NO;NO;;YES;54.0;dead;YES;54.0;1916271321;146025912;36864;41984;0.25;40
cfggrpab.tif;[62:64[;2;>=4;NO;LMM;thigh;NO;NO;NO;;NO;;alive;NO;;1686983522;3391181070;179030;411074;0.121398698884758;40
cgsctzbm.tif;[62:64[;1;<1;NO;SSM;trunc;;NO;NO;;YES;28.0;dead;YES;28.0;2345378769;940231280;157440;48384;0.2302131774022745;40
chhwpvc7.tif;[32:34[;2;<1;NO;SSM;leg;NO;;NO;;NO;;alive;NO;;4228557833;1752376024;126720;92160;0.2302131774022745;40
cip7qdek.tif;[80:82[;2;<1;;SSM;trunk;;;NO;;NO;;alive;NO;;3666941524;229493674;49152;43008;0.25;40
cjuzag5g.tif;[74:76[;2;<1;NO;SSM;trunk;YES;;NO;;NO;;alive;NO;;870992652;1802691498;132608;91392;0.2205120289311782;40
ck030hq8.tif;[52:54[;2;[2 : 4[;NO;SSM;arm;NO;NO;NO;;YES;13.0;alive;YES;13.0;3065423806;1132476334;138937;87505;0.264384;40
ck1gw4rn.tif;[76:78[;1;[1 : 2[;NO;SSM;face;NO;;NO;;NO;;alive;NO;;356167214;1475960534;122880;82944;0.2302131774022745;40
cmhi14iy.tif;[66:68[;1;<1;NO;SSM;arm;;;NO;;NO;;alive;NO;;1987368997;408039176;49152;64512;0.25;40
co2qi4qh.tif;[50:52[;2;<1;NO;SSM;face;NO;;NO;;NO;;alive;NO;;2712026446;2426510518;179030;411074;0.121398698884758;40
coqe5inr.tif;[28:30[;2;[1 : 2[;NO;SSM;arm;NO;;NO;;NO;;alive;NO;;1252723263;897551342;179563;71495;0.264384;40
covfkmv8.tif;[80:82[;2;[2 : 4[;YES;SSM;trunk;YES;YES;NO;;YES;17.0;alive;YES;17.0;4280793826;1222259436;130132;87766;0.263223;40
cpgos0qk.tif;[82:84[;1;<1;NO;SSM;face;;;NO;;NO;;dead;NO;;3373530759;708760606;69632;104448;0.25;40
cqalifmd.tif;[68:70[;1;<1;NO;SSM;trunk;;;NO;;NO;;dead;NO;;4163773013;1080165382;90112;112640;0.25;40
csj7cwtn.tif;[70:72[;2;[2 : 4[;NO;LMM;head/neck;NO;NO;NO;;NO;;alive;NO;;1948622142;1060173110;107136;82944;0.2271746291374179;40
cta38ejk.tif;[60:62[;1;[2 : 4[;NO;NM;trunk;NO;NO;NO;;NO;;alive;NO;;353319809;2155996232;106259;306939;0.25;40
ctow802l.tif;[54:56[;2;<1;NO;SSM;head/neck;NO;;NO;;NO;;alive;NO;;707150372;955321472;170908;88164;0.263223;40
cttll80r.tif;[78:80[;1;[2 : 4[;NO;NM;arm;NO;;NO;;NO;;alive;NO;;4167224434;906010176;95232;79616;0.226490306214894;40
cusgxcg2.tif;[64:66[;1;>=4;YES;SSM;hand/foot/nail;NO;YES;YES;1.0;YES;15.0;dead;YES;1.0;2839748626;2144211340;92160;176464;0.25;40
cvgzdiwm.tif;[74:76[;1;<1;NO;SSM;trunc;NO;;NO;;NO;;alive;NO;;4186877568;1357773474;176640;89856;0.2302131774022745;40
cvlnx32z.tif;[64:66[;1;>=4;YES;ALM;trunc;YES;NO;YES;12.0;YES;26.0;alive;YES;12.0;1957634267;1160751540;86016;104448;0.25;40
cw9oxzit.tif;[70:72[;1;<1;;SSM;lower limb/hip;;;NO;;NO;;;NO;;2621540937;834624230;90112;83968;0.25;40
cxl6et58.tif;[84:86[;1;<1;NO;LMM;face;NO;;NO;;NO;;alive;NO;;2198321990;2361105324;179030;411074;0.121398698884758;40
d03vi4j1.tif;[52:54[;2;<1;NO;LMM;trunc;;;NO;;NO;;alive;NO;;1192421519;389876048;51584;51712;0.226490306214894;40
d08etf21.tif;[50:52[;1;<1;NO;LMM;neck;;;NO;;NO;;alive;NO;;3361193297;1695972652;94208;118784;0.25;40
d10piezk.tif;[54:56[;1;<1;NO;SSM;trunc;;;NO;;NO;;alive;NO;;2272235968;2031403566;168960;80640;0.2302131774022745;40
d17ke29y.tif;[42:44[;1;<1;NO;SSM;thigh;;;NO;;NO;;alive;NO;;311512183;1244344800;98304;106496;0.25;40
d1fzzjlt.tif;[64:66[;1;[2 : 4[;;NM;arm;NO;NO;NO;;NO;;alive;NO;;499485939;1239273222;98304;172032;0.25;40
d1m5lx72.tif;[90:92[;2;<1;;ALM;finger;;;NO;;NO;;dead;NO;;3768638427;105370246;24576;69632;0.25;40
d1n83wu1.tif;[62:64[;1;<1;YES;SSM;upper limb/shoulder;NO;;NO;;NO;;alive;NO;;3845556122;317898684;53248;49152;0.25;40
d2i18lct.tif;[42:44[;1;[1 : 2[;YES;NM;neck;YES;YES;NO;;YES;27.0;dead;YES;27.0;2925656868;395362336;43648;69632;0.226490306214894;40
d2sm29vh.tif;[78:80[;2;>=4;NO;NM;arm;;NO;NO;;YES;12.0;alive;YES;12.0;2732988532;885700594;77824;90112;0.25;40
d2yviedp.tif;[54:56[;1;[1 : 2[;NO;SSM;thigh;;YES;NO;;YES;31.0;dead;YES;31.0;3807529792;446220168;57344;55296;0.25;40
d595atxh.tif;[80:82[;1;[2 : 4[;;SSM;upper limb/shoulder;;NO;NO;;YES;18.0;dead;YES;18.0;2002815106;1075816074;77824;117760;0.25;40
d5kx3rd3.tif;[88:90[;2;>=4;NO;unclassified;face;;;NO;;NO;;dead;NO;;716916262;1455622114;94208;97280;0.25;40
d5xao6wv.tif;[72:74[;1;[1 : 2[;NO;SSM;trunc;;;NO;;NO;;alive;NO;;508011965;1041643960;81920;103424;0.25;40
d71zazk9.tif;[42:44[;2;<1;NO;SSM;thigh;;;NO;;NO;;alive;NO;;3508616797;227400590;40960;47104;0.25;40
d92prakn.tif;[36:38[;2;[2 : 4[;NO;SSM;trunk;NO;YES;NO;;NO;;alive;NO;;8361384;925860034;106259;306939;0.25;40
d9l3l9zm.tif;[58:60[;1;<1;NO;SSM;arm;YES;;NO;;NO;;alive;NO;;3469700030;518795426;115200;46080;0.2302131774022745;40
d9mbpdgm.tif;[36:38[;2;<1;NO;SSM;head/neck;;;NO;;NO;;alive;NO;;2150450517;642692140;53760;80640;0.2205120289311782;40
d9vmshxb.tif;[84:86[;2;;NO;LMM;face;;;YES;11.0;NO;;dead;YES;11.0;1047225735;29508972;16384;15360;0.25;40
dbboicbh.tif;[58:60[;1;[2 : 4[;YES;SSM;trunk;NO;;NO;;NO;;dead;NO;;2044574747;1940326448;119040;104192;0.2271746291374179;40
dbdfsmgk.tif;[60:62[;2;<1;;SSM;lower limb/hip;;;NO;;NO;;alive;NO;;41174871;249584400;57344;43008;0.25;40
dbu8g5it.tif;[68:70[;1;[1 : 2[;NO;SSM;lower limb/hip;NO;;NO;;NO;;alive;NO;;1987958089;735836290;75264;64512;0.2205120289311782;40
dbzg1w2e.tif;[38:40[;2;<1;NO;SSM;trunc;NO;YES;NO;;YES;82.0;dead;YES;82.0;646989010;979424304;87296;86272;0.226490306214894;40
dc0qpa2o.tif;[58:60[;2;[1 : 2[;NO;SSM;trunk;;NO;NO;;NO;;alive;NO;;139211167;1160228988;91420;84006;0.251;40
dd4byepr.tif;[66:68[;1;>=4;YES;unclassified;face;;NO;YES;1.0;YES;3.0;dead;YES;1.0;3521456743;599938090;111104;43776;0.226490306214894;40
ddmh0u0u.tif;[40:42[;1;[1 : 2[;NO;SSM;arm;NO;;NO;;NO;;alive;NO;;2355449938;537898036;69632;75776;0.25;40
ddyxj9j7.tif;[62:64[;1;[1 : 2[;NO;SSM;forearm;NO;;NO;;NO;;alive;NO;;140714011;776533956;73728;157696;0.25;40
defofkn5.tif;[92:94[;2;<1;NO;NM;forearm;;;NO;;NO;;alive;NO;;3044388772;1999750358;207360;92160;0.2302131774022745;40
derxw1tc.tif;[58:60[;2;<1;NO;SSM;lower limb/hip;;;NO;;NO;;alive;NO;;569994583;435788978;160963;50173;0.263223;40
detjuatg.tif;[66:68[;1;<1;;SSM;trunk;;;NO;;NO;;;NO;;2709245513;231209880;69632;53248;0.25;40
dg13zmt2.tif;[72:74[;1;>=4;YES;NM;lower limb/hip;;;NO;;NO;;alive;NO;;2948251601;1607246770;121856;86016;0.2205120289311782;40
dhaohj9d.tif;[90:92[;2;>=4;YES;LMM;face;;NO;NO;;NO;;alive;NO;;15925452;32159712;16384;17408;0.25;40
dhgg3qzd.tif;[62:64[;2;[1 : 2[;NO;SSM;lower limb/hip;NO;NO;NO;;YES;30.0;alive;YES;30.0;1765695047;1329333834;94208;178176;0.25;40
dibvu7wk.tif;[62:64[;2;[2 : 4[;YES;SSM;forearm;;NO;NO;;NO;;alive;NO;;515827065;568174704;47616;78080;0.226490306214894;40
dilyj1v1.tif;[64:66[;2;>=4;NO;SSM;trunc;NO;NO;YES;20.0;NO;;alive;YES;20.0;273889592;1493244608;86016;131072;0.25;40
dioqf0qv.tif;[84:86[;2;[2 : 4[;NO;SSM;leg;NO;;NO;;NO;;alive;NO;;1351759482;553494496;80901;60488;0.264384;40
dj8xxjbh.tif;[76:78[;1;<1;NO;SSM;trunc;;;NO;;YES;56.0;alive;YES;56.0;4213758485;2390203284;195840;89856;0.2302131774022745;40
djpdxa12.tif;[50:52[;2;[1 : 2[;NO;SSM;foot;NO;;NO;;NO;;alive;NO;;3928729577;1353113072;196573;87505;0.264384;40
dko6em1q.tif;[62:64[;1;;;other;;;;NO;;NO;;alive;NO;;1676495481;370824230;152807;52958;0.263223;40
dkvmup03.tif;[54:56[;1;[2 : 4[;NO;SSM;arm;NO;YES;YES;24.0;YES;47.0;alive;YES;24.0;44627508;2015069128;88359;204649;0.242797397769517;20
dl5zg50i.tif;[44:46[;2;>=4;YES;SSM;trunk;;YES;NO;;NO;;alive;NO;;928733611;981550058;71680;80640;0.2205120289311782;40
dowcu1iw.tif;[54:56[;2;<1;NO;SSM;trunc;;;NO;;NO;;alive;NO;;4133291664;630378514;67456;95488;0.226490306214894;40
dpyy8g5q.tif;[52:54[;1;[1 : 2[;NO;SSM;head/neck;;YES;YES;5.0;YES;26.0;alive;YES;5.0;3244311361;940078984;143459;88164;0.263223;40
dq2pbxq5.tif;[48:50[;2;[1 : 2[;NO;SSM;upper limb/shoulder;;;NO;;NO;;alive;NO;;803512548;1530528356;94208;150528;0.25;40
drav1dv1.tif;[70:72[;2;;NO;SSM;leg;;;NO;;NO;;alive;NO;;3830353587;1136771726;94208;112640;0.25;40
drfkivbp.tif;[90:92[;2;>=4;YES;SSM;hand;NO;NO;NO;;NO;;dead;NO;;4221133672;974374114;83328;83968;0.226490306214894;40
drpa7gue.tif;[48:50[;2;[1 : 2[;NO;SSM;arm;;;NO;;NO;;alive;NO;;2152461954;327622006;40960;62464;0.25;40
drqsjnoq.tif;[46:48[;2;>=4;YES;SSM;trunk;NO;YES;NO;;YES;17.0;dead;YES;17.0;2734187312;1617239494;126976;94464;0.2271746291374179;40
dsjmskv2.tif;[76:78[;1;<1;NO;LMM;face;;;NO;;NO;;dead;NO;;505616751;497673538;77824;124928;0.25;40
dt7lqh70.tif;[48:50[;1;[2 : 4[;YES;NM;arm;NO;NO;NO;;YES;15.0;alive;YES;15.0;1177190616;997234756;168960;57600;0.2302131774022745;40
du5op057.tif;[82:84[;2;[1 : 2[;NO;unclassified;leg;;;NO;;YES;52.0;alive;YES;52.0;2544302811;1611196980;172800;103680;0.2302131774022745;40
duoflq7t.tif;[62:64[;1;<1;NO;SSM;arm;;;NO;;NO;;alive;NO;;2148025926;1594798534;161280;103680;0.2302131774022745;40
dvb9niye.tif;[88:90[;1;<1;NO;SSM;trunk;;;NO;;NO;;dead;NO;;1879466210;1105142402;77824;126976;0.25;40
dvj2agol.tif;[74:76[;2;<1;NO;SSM;leg;;;NO;;NO;;alive;NO;;1580181550;2351740078;207360;103680;0.2302131774022745;40
dwnfsm6g.tif;[74:76[;1;<1;NO;SSM;forearm;;;NO;;NO;;alive;NO;;2842152140;3497878474;179030;411074;0.121398698884758;40
dx8d1x1r.tif;[88:90[;2;[2 : 4[;YES;SSM;upper limb/shoulder;NO;NO;NO;;YES;67.0;dead;YES;67.0;2223091628;1385503428;106259;306939;0.25;40
dxbwcu96.tif;[78:80[;1;>=4;YES;SSM;trunc;NO;;NO;;NO;;dead;NO;;1540635178;2997694810;153600;103680;0.2302131774022745;40
dz6vq1gi.tif;[38:40[;1;[2 : 4[;NO;other;trunk;NO;NO;NO;;NO;;alive;NO;;2724783339;1100107838;80320;128288;0.25;40
dzf9of92.tif;[72:74[;1;[1 : 2[;NO;SSM;arm;NO;NO;NO;;NO;;alive;NO;;2324824630;1618978786;94208;139264;0.25;40
dzuwx6cz.tif;[38:40[;2;<1;NO;SSM;leg;NO;;NO;;NO;;alive;NO;;515848002;641873210;134400;36864;0.2302131774022745;40
dzvopy4m.tif;[52:54[;2;[1 : 2[;NO;SSM;trunc;NO;;NO;;NO;;alive;NO;;206340528;2385257164;207360;103680;0.2302131774022745;40
e0kawi17.tif;[40:42[;2;[1 : 2[;NO;SSM;leg;;;NO;;NO;;alive;NO;;3202786173;748214762;53248;146432;0.25;40
e0nldjex.tif;[36:38[;2;[2 : 4[;NO;SSM;lower limb/hip;NO;YES;YES;41.0;NO;;alive;YES;41.0;627546176;900880052;123840;251340;0.194475138121547;40
e0w7r24m.tif;[74:76[;1;>=4;YES;NM;lower limb/hip;NO;NO;NO;;NO;;alive;NO;;1762525620;1392092986;90096;170496;0.25;40
e1d18gxr.tif;[28:30[;1;>=4;YES;SSM;head/neck;NO;YES;NO;;NO;;alive;NO;;1607896842;1186859172;126353;83788;0.263223;40
e1uup930.tif;[54:56[;1;>=4;NO;NM;upper limb/shoulder;NO;NO;NO;;NO;;alive;NO;;128720374;1157537564;69632;166912;0.25;40
e25e4794.tif;[60:62[;1;>=4;YES;NM;arm;NO;NO;NO;;YES;20.0;alive;YES;20.0;1878465329;1521684200;98304;112640;0.25;40
e2qqgs3s.tif;[74:76[;2;>=4;YES;NM;upper limb/shoulder;NO;NO;NO;;NO;;alive;NO;;1657074780;1955085654;106259;306939;0.25;40
e357qdx0.tif;[74:76[;1;[2 : 4[;YES;unclassified;sole;;NO;NO;;NO;;alive;NO;;3095251891;847589870;81920;130048;0.25;40
e3cnp8dz.tif;[76:78[;1;<1;NO;SSM;trunk;;;NO;;NO;;dead;NO;;747090929;903088602;160565;70660;0.263223;40
e3xwx1iz.tif;[38:40[;2;<1;NO;SSM;trunc;;;NO;;NO;;alive;NO;;1634231104;872507512;69632;107520;0.25;40
e4f0ngw5.tif;[84:86[;1;>=4;;SSM;lower limb/hip;;;NO;;NO;;dead;NO;;1374474872;1443512742;94208;135168;0.25;40
e5ydj6f3.tif;[86:88[;1;[2 : 4[;NO;SSM;face;NO;;NO;;NO;;alive;NO;;2556541925;3585287864;179030;411074;0.121398698884758;40
e6jr59b5.tif;[60:62[;1;[1 : 2[;NO;SSM;trunk;NO;NO;NO;;NO;;alive;NO;;2603929344;1179041394;106259;306939;0.25;40
e6l2m8fr.tif;[60:62[;1;[1 : 2[;NO;SSM;trunc;YES;;NO;;NO;;alive;NO;;132642861;725109726;87296;71936;0.226490306214894;40
e7w8bb92.tif;[76:78[;1;<1;;;trunk;;;NO;;NO;;alive;NO;;351291590;883536404;140277;85777;0.263223;40
e9enuro3.tif;[80:82[;2;<1;NO;LMM;face;;;NO;;NO;;alive;NO;;1077030917;781946848;86016;99328;0.25;40
ebfytmv7.tif;[78:80[;1;<1;NO;SSM;trunc;NO;;NO;;NO;;alive;NO;;3041758411;2482760590;88359;204649;0.242797397769517;20
ec9dthhu.tif;[70:72[;1;<1;NO;SSM;trunc;;;NO;;NO;;alive;NO;;409946765;329790262;59520;35840;0.226490306214894;40
ecag4bhf.tif;[86:88[;2;<1;;LMM;face;;;NO;;NO;;dead;NO;;2851789773;115352014;28672;49152;0.25;40
ecgtg9df.tif;[52:54[;2;<1;NO;SSM;leg;;;NO;;NO;;alive;NO;;3465073774;2097220002;195840;82944;0.2302131774022745;40
ed5nls7o.tif;[24:26[;2;[1 : 2[;NO;SSM;arm;;;NO;;NO;;alive;NO;;3614525015;501598446;40960;107520;0.25;40
edx6im6m.tif;[66:68[;2;<1;NO;SSM;trunc;;;NO;;NO;;alive;NO;;2036765349;1181280810;81920;107520;0.25;40
eeel3hq8.tif;[50:52[;2;;NO;SSM;arm;;;NO;;NO;;alive;NO;;732346020;534350202;57344;77824;0.25;40
eg2sdvoa.tif;[76:78[;2;[2 : 4[;NO;ALM;sole;NO;NO;YES;12.0;YES;22.0;alive;YES;12.0;2175702067;438172860;49152;64512;0.25;40
eh408snl.tif;[78:80[;2;[1 : 2[;NO;SSM;trunk;NO;YES;NO;;NO;;alive;NO;;3319388895;1341487388;106259;306939;0.25;40
ei75qr0k.tif;[82:84[;2;[2 : 4[;NO;LMM;face;;;NO;;NO;;dead;NO;;3242350476;1055620040;86016;113664;0.25;40
eil0j898.tif;[78:80[;2;<1;NO;SSM;;NO;;NO;;NO;;alive;NO;;3399342910;624210378;79360;77824;0.226490306214894;40
ej3uwuem.tif;[60:62[;2;<1;NO;SSM;thigh;YES;;NO;;NO;;alive;NO;;1255859055;578585114;156548;71295;0.264384;40
ej5t47km.tif;[70:72[;1;[2 : 4[;NO;SSM;trunc;NO;NO;NO;;NO;;alive;NO;;1450976021;2338087928;98304;194560;0.25;40
ejtwl7sk.tif;[46:48[;1;<1;NO;SSM;trunc;;;NO;;NO;;alive;NO;;1858465702;1464426152;90112;107520;0.25;40
ekjydzu5.tif;[54:56[;2;<1;NO;SSM;arm;;;NO;;NO;;alive;NO;;2081386339;506777326;57344;65536;0.25;40
el3rfza0.tif;[72:74[;1;[1 : 2[;NO;SSM;trunc;;;NO;;NO;;alive;NO;;3615125357;1395787992;94208;108544;0.25;40
el4nr0l0.tif;[70:72[;2;<1;NO;SSM;lower limb/hip;;;NO;;NO;;dead;NO;;437017665;757502940;86016;69888;0.2205120289311782;40
elf4qzl6.tif;[44:46[;2;[1 : 2[;NO;SSM;neck;;;NO;;NO;;alive;NO;;1180229118;596739594;65536;65536;0.25;40
eln1ii56.tif;[62:64[;2;[2 : 4[;YES;ALM;nail;NO;NO;YES;13.0;YES;18.0;dead;YES;13.0;1072663180;942572200;86016;84992;0.25;40
en9u6hly.tif;[28:30[;1;<1;NO;SSM;leg;;;NO;;NO;;alive;NO;;1591149756;1142771552;86016;116736;0.25;40
enj30r2y.tif;[50:52[;2;>=4;YES;NM;thigh;NO;YES;NO;;YES;49.0;dead;YES;49.0;229093031;1326760038;98304;144384;0.25;40
eo0nus1z.tif;[78:80[;2;>=4;YES;SSM;lower limb/hip;NO;YES;NO;;NO;;dead;NO;;2534485791;2263441776;121856;86016;0.2205120289311782;40
eot3lxzz.tif;[82:84[;1;>=4;YES;SSM;hand/foot/nail;;NO;YES;5.0;YES;11.0;dead;YES;5.0;336095155;1624227452;94208;154624;0.25;40
ep0lr4nw.tif;[74:76[;1;[1 : 2[;NO;SSM;trunk;;;NO;;NO;;alive;NO;;571909020;1466526394;90112;116736;0.25;40
eqqxha5w.tif;[64:66[;1;<1;NO;SSM;arm;NO;;NO;;NO;;alive;NO;;2938558688;2971566158;179030;411074;0.121398698884758;40
esnohyti.tif;[54:56[;1;<1;;LMM;face;;;NO;;NO;;alive;NO;;3242859349;151339268;32768;25600;0.25;40
esvqowk9.tif;[52:54[;2;[1 : 2[;NO;SSM;arm;;;NO;;NO;;alive;NO;;928050424;514252532;61440;79872;0.25;40
et52g4h9.tif;[46:48[;1;[1 : 2[;NO;SSM;trunc;NO;;NO;;NO;;alive;NO;;194670838;1290816212;88359;204649;0.242797397769517;20
eum7dxo2.tif;[50:52[;1;<1;NO;SSM;trunk;NO;;NO;;NO;;alive;NO;;1942954998;1337530786;103936;96768;0.2205120289311782;40
eupw74sq.tif;[80:82[;2;[2 : 4[;NO;NM;;NO;;NO;;NO;;alive;NO;;2861960983;671430378;49152;150528;0.25;40
evj82ze0.tif;[68:70[;1;<1;NO;SSM;arm;;;NO;;NO;;alive;NO;;2815998727;888403824;94208;77824;0.25;40
evlwfw6j.tif;[50:52[;1;[1 : 2[;YES;unclassified;trunc;NO;NO;NO;;YES;61.0;alive;YES;61.0;937364044;2044567766;207360;103680;0.2302131774022745;40
ew9bs7cq.tif;[72:74[;1;[1 : 2[;NO;;face;;;NO;;NO;;alive;NO;;158950265;1045061368;86016;87040;0.25;40
ewxekixx.tif;[60:62[;1;[1 : 2[;YES;LMM;face;NO;NO;NO;;YES;36.0;alive;YES;36.0;139715428;1014438372;112521;87505;0.264384;40
ex1zgbbd.tif;[56:58[;1;<1;NO;SSM;trunc;;;YES;15.0;YES;22.0;dead;YES;15.0;3725448346;1015238770;81920;108544;0.25;40
ey1clec9.tif;[50:52[;1;[2 : 4[;YES;NM;hand/foot/nail;NO;NO;YES;4.0;NO;;alive;YES;4.0;1897728664;1256270210;94208;139264;0.25;40
ey47f3i3.tif;[26:28[;2;<1;NO;SSM;trunc;;;NO;;NO;;alive;NO;;661697268;606126714;67456;75264;0.226490306214894;40
eyfwsnwd.tif;[42:44[;2;[2 : 4[;NO;SSM;lower limb/hip;;YES;NO;;NO;;alive;NO;;1680036881;536765370;73728;67584;0.25;40
f1051qle.tif;[58:60[;1;<1;NO;SSM;trunc;NO;;NO;;NO;;alive;NO;;1274044168;1602921256;180563;87505;0.264384;40
f10xbbz9.tif;[78:80[;2;[1 : 2[;NO;LMM;thigh;;;NO;;NO;;alive;NO;;3728125784;1408251384;98304;198656;0.25;40
f13y7wf2.tif;[38:40[;1;[1 : 2[;NO;other;lower limb/hip;NO;YES;NO;;NO;;alive;NO;;1600384751;965792430;106259;306939;0.25;40
f1f6t66q.tif;[78:80[;2;[1 : 2[;NO;NM;forearm;NO;YES;YES;32.0;YES;55.0;alive;YES;32.0;977451786;822069862;88359;204649;0.242797397769517;20
f2j54ad7.tif;[72:74[;2;>=4;YES;NM;head/neck;;NO;NO;;YES;15.0;alive;YES;15.0;1020738014;1300151788;140674;79213;0.263223;40
f3fdygql.tif;[50:52[;1;;;;trunc;;;;;;;;NO;;3419369273;1700067902;94208;197632;0.25;40
f3z1mtmk.tif;[68:70[;1;<1;NO;SSM;arm;;;NO;;NO;;alive;NO;;543312782;1102080666;86016;142336;0.25;40
f4gj9270.tif;[68:70[;1;<1;NO;SSM;trunk;;;NO;;NO;;alive;NO;;920469938;1249926578;90112;120832;0.25;40
f54rwukl.tif;[56:58[;1;<1;NO;unclassified;trunc;;;NO;;NO;;alive;NO;;349401562;2370481424;207360;103680;0.2302131774022745;40
f5kxoe75.tif;[72:74[;1;<1;YES;SSM;trunc;NO;;NO;;NO;;alive;NO;;308401642;2143759526;210304;97792;0.2267830819820841;40
f5q3cle3.tif;[70:72[;1;<1;NO;SSM;arm;NO;;NO;;NO;;alive;NO;;3602618834;2222387196;179030;411074;0.121398698884758;40
f662smhw.tif;[38:40[;1;[2 : 4[;YES;SSM;trunk;NO;YES;NO;;NO;;alive;NO;;3480584414;2035935752;106259;306939;0.25;40
f7emtdm1.tif;[58:60[;1;[2 : 4[;NO;SSM;upper limb/shoulder;;;NO;;NO;;dead;NO;;1096680126;542208360;50176;69888;0.2205120289311782;40
f9oktt5o.tif;[54:56[;2;[1 : 2[;NO;SSM;thigh;NO;;NO;;NO;;alive;NO;;145487120;1945641088;168960;103680;0.2302131774022745;40
fa6540ir.tif;[40:42[;1;[1 : 2[;NO;SSM;lower limb/hip;;NO;NO;;NO;;alive;NO;;1267749421;925794714;106259;306939;0.25;40
fcy629hr.tif;[44:46[;1;<1;NO;SSM;trunk;NO;;NO;;NO;;alive;NO;;2040687374;1190357420;220236;88164;0.263223;40
fgv6lpuv.tif;[58:60[;2;[2 : 4[;NO;NM;trunc;;;NO;;NO;;alive;NO;;1807997219;1170079790;98304;180224;0.25;40
fhp8bx6g.tif;[76:78[;2;<1;NO;LMM;face;;;NO;;NO;;alive;NO;;4163831418;1085254952;157440;85248;0.2302131774022745;40
fii12px4.tif;[60:62[;2;<1;NO;SSM;thigh;NO;;NO;;NO;;alive;NO;;3325558482;1038155926;152346;87505;0.264384;40
fj2w0dh6.tif;[46:48[;1;>=4;NO;SSM;lower limb/hip;NO;NO;NO;;NO;;alive;NO;;2999073707;1838210208;106259;306939;0.25;40
fjt3wbr9.tif;[88:90[;1;[2 : 4[;NO;SSM;trunk;;;NO;;NO;;dead;NO;;3739330254;869641920;65536;72704;0.25;40
fk6xkhhf.tif;[62:64[;1;[1 : 2[;NO;unclassified;forearm;;;NO;;NO;;alive;NO;;2858427918;280873694;40960;55296;0.25;40
fl9unzoz.tif;[64:66[;1;[1 : 2[;NO;SSM;trunk;;;NO;;NO;;alive;NO;;2812404407;1167544508;81920;113664;0.25;40
fm0elh84.tif;[70:72[;2;<1;NO;SSM;thigh;;;NO;;NO;;dead;NO;;1905814515;1214300198;94208;103424;0.25;40
fmlkkcck.tif;[84:86[;1;>=4;NO;NM;trunk;NO;YES;NO;;NO;;alive;NO;;2328386866;2323898158;106259;306939;0.25;40
fnlprd2f.tif;[86:88[;1;>=4;NO;SSM;trunc;;;NO;;NO;;dead;NO;;3473947704;886864264;90112;81920;0.25;40
fowrx5xl.tif;[68:70[;1;[1 : 2[;YES;SSM;forearm;NO;YES;NO;;YES;44.0;dead;YES;44.0;107346327;1152737200;90112;146432;0.25;40
foxcp30b.tif;[62:64[;2;<1;NO;SSM;leg;;;NO;;NO;;dead;NO;;4148809161;662660730;69632;65536;0.25;40
fqhoi18x.tif;[72:74[;2;<1;NO;SSM;arm;;;NO;;NO;;alive;NO;;1360539312;1345123042;199680;66816;0.2302131774022745;40
fqq2knef.tif;[46:48[;1;[2 : 4[;YES;SSM;trunc;;YES;NO;;NO;;alive;NO;;3731802971;1757410534;94208;114688;0.25;40
fs92ffsj.tif;[28:30[;2;<1;NO;SSM;arm;;;NO;;NO;;alive;NO;;2620241937;1670106378;188160;87552;0.2302131774022745;40
fsdxkb1p.tif;[68:70[;2;<1;NO;LMM;head/neck;;;YES;20.0;NO;;alive;YES;20.0;2566983786;172833946;45056;44032;0.25;40
fsohfhjj.tif;[68:70[;1;[2 : 4[;YES;SSM;lower limb/hip;;NO;YES;22.0;NO;;alive;YES;22.0;2192426212;1088887526;81920;110592;0.25;40
fsuuz41l.tif;[84:86[;2;[1 : 2[;NO;SSM;trunc;;;NO;;NO;;alive;NO;;451594920;1098393300;90112;98304;0.25;40
fu5iwkoh.tif;[40:42[;1;<1;NO;SSM;trunc;;;NO;;NO;;alive;NO;;33668861;791592884;69632;105472;0.25;40
fuai8ziq.tif;[36:38[;2;<1;NO;SSM;thigh;;;NO;;NO;;alive;NO;;3083853198;131408792;45056;22528;0.25;40
fuzjnrv4.tif;[66:68[;1;<1;NO;SSM;leg;NO;;NO;;NO;;alive;NO;;3112831953;3307402510;179030;411074;0.121398698884758;40
fvdhds2u.tif;[66:68[;2;<1;NO;SSM;upper limb/shoulder;;;NO;;NO;;alive;NO;;3149794321;1185203102;98304;207872;0.25;40
fwvermwx.tif;[82:84[;2;[1 : 2[;YES;SSM;lower limb/hip;;YES;NO;;YES;59.0;dead;YES;59.0;2908911779;1106903488;77824;121856;0.25;40
fx6u23oa.tif;[66:68[;1;[1 : 2[;NO;SSM;upper limb/shoulder;NO;NO;YES;49.0;NO;;alive;YES;49.0;1869133528;303701046;63699;66086;0.263223;40
fxm72kmh.tif;[84:86[;2;[1 : 2[;NO;SSM;thigh;;;NO;;NO;;alive;NO;;1454210102;992197736;81920;103424;0.25;40
fyvryd74.tif;[36:38[;2;<1;NO;SSM;trunc;;;NO;;NO;;alive;NO;;2828385547;2831882290;199680;103680;0.2302131774022745;40
fyzjowb9.tif;[46:48[;2;<1;NO;SSM;thigh;NO;;NO;;NO;;alive;NO;;1615574857;2876393180;179030;411074;0.121398698884758;40
fz39spqp.tif;[52:54[;2;[1 : 2[;NO;SSM;face;;;NO;;NO;;alive;NO;;616071391;1201473602;98304;105472;0.25;40
fzrm1qke.tif;[24:26[;2;<1;NO;SSM;trunc;YES;;NO;;NO;;alive;NO;;1886643974;228643336;35712;48896;0.226490306214894;40
g0ljba3c.tif;[58:60[;1;[1 : 2[;NO;SSM;trunc;NO;;NO;;NO;;alive;NO;;3158933814;2918516286;207360;92160;0.2302131774022745;40
g1vjma1g.tif;[68:70[;2;<1;NO;SSM;forearm;;;NO;;NO;;alive;NO;;2500035792;958756406;86016;97280;0.25;40
g26tqoyn.tif;[80:82[;1;<1;YES;LMM;face;NO;NO;YES;12.0;YES;44.0;alive;YES;12.0;4248802299;873427234;138240;80640;0.2302131774022745;40
g2ncvay8.tif;[44:46[;2;<1;NO;SSM;face;;;NO;;NO;;alive;NO;;1902057039;242301984;57344;45056;0.25;40
g2x2pgkt.tif;[56:58[;1;[2 : 4[;NO;SSM;trunc;NO;;NO;;NO;;alive;NO;;1141548392;1019941444;117524;87505;0.264384;40
g3cp06ff.tif;[64:66[;1;[1 : 2[;NO;SSM;upper limb/shoulder;NO;;NO;;NO;;dead;NO;;3358566573;754408124;69632;102400;0.25;40
g4pp5cj4.tif;[64:66[;2;>=4;YES;ALM;sole;;NO;YES;34.0;YES;43.0;alive;YES;34.0;3806329524;91304804;23808;35328;0.226490306214894;40
g4qq1xu8.tif;[64:66[;2;[2 : 4[;NO;SSM;trunk;NO;YES;NO;;NO;;alive;NO;;1542608396;1942083646;106259;306939;0.25;40
g5bwmej8.tif;[60:62[;1;[2 : 4[;NO;NM;trunk;NO;;NO;;NO;;dead;NO;;492333438;792363606;123840;251340;0.194475138121547;40
g5zwlj8h.tif;[48:50[;1;[1 : 2[;YES;SSM;thigh;NO;NO;NO;;NO;;alive;NO;;2365187395;2407946340;88359;204649;0.242797397769517;20
g64ajigb.tif;[48:50[;1;<1;NO;unclassified;arm;;;NO;;NO;;alive;NO;;3122221256;2138173574;207360;103680;0.2302131774022745;40
g65our09.tif;[82:84[;1;[2 : 4[;NO;SSM;trunc;;;NO;;NO;;alive;NO;;4016029784;953062604;77824;87040;0.25;40
g6girfi9.tif;[78:80[;2;[1 : 2[;NO;SSM;lower limb/hip;;YES;NO;;NO;;alive;NO;;429594943;389631082;43008;69888;0.2205120289311782;40
g705anos.tif;[70:72[;1;[1 : 2[;NO;LMM;face;NO;;NO;;NO;;alive;NO;;2330489727;1411548222;158720;99840;0.2267830819820841;40
g70oqmiu.tif;[24:26[;2;<1;NO;SSM;;YES;;NO;;NO;;alive;NO;;3536626788;539992618;156348;59287;0.264384;40
g7c8u2ft.tif;[46:48[;2;<1;NO;SSM;trunk;YES;;NO;;NO;;alive;NO;;89341176;433387162;152211;38637;0.263223;40
g7lu1x53.tif;[50:52[;1;[1 : 2[;NO;SSM;lower limb/hip;NO;YES;NO;;NO;;alive;NO;;2947771333;1098754430;106259;306939;0.25;40
g7nxofvt.tif;[82:84[;2;[2 : 4[;NO;SSM;sole;NO;YES;YES;105.0;NO;;alive;YES;105.0;1075267860;3632553080;179030;411074;0.121398698884758;40
g8uuhntb.tif;[74:76[;1;[1 : 2[;NO;SSM;trunc;NO;;NO;;NO;;dead;NO;;1081184447;3489552926;179030;411074;0.121398698884758;40
g8x0c6mv.tif;[32:34[;2;<1;NO;SSM;arm;NO;;NO;;NO;;alive;NO;;3164100701;534624958;63488;72448;0.226490306214894;40
g9l5nciw.tif;[72:74[;1;>=4;YES;other;head/neck;;;YES;11.0;YES;31.0;alive;YES;11.0;4239586150;840214454;96768;64512;0.2205120289311782;40
gajoakab.tif;[66:68[;1;<1;NO;ALM;toe;;;NO;;NO;;alive;NO;;3301051016;678964240;69632;136192;0.25;40
gapgyz6j.tif;[62:64[;1;<1;YES;SSM;trunk;NO;;NO;;NO;;alive;NO;;932701630;1174149166;128740;85180;0.263223;40
gawgxzga.tif;[70:72[;1;[1 : 2[;NO;SSM;thigh;;;NO;;NO;;alive;NO;;2779654330;1223383122;81920;110592;0.25;40
gcspnjib.tif;[74:76[;2;<1;NO;LMM;face;NO;;NO;;NO;;alive;NO;;2535600535;168695806;73728;60416;0.25;40
gd1maxz9.tif;[40:42[;1;<1;;SSM;head/neck;;;NO;;NO;;alive;NO;;4043398616;547184446;65536;115712;0.25;40
gd22v9r6.tif;[50:52[;1;[1 : 2[;NO;SSM;lower limb/hip;;;NO;;NO;;;NO;;381853331;281184952;69632;36864;0.25;40
gd3wvyln.tif;[78:80[;1;>=4;NO;SSM;trunk;NO;NO;NO;;NO;;alive;NO;;3245837769;2072017066;106259;306939;0.25;40
ge0mmr3r.tif;[30:32[;2;<1;NO;SSM;upper limb/shoulder;NO;;NO;;NO;;alive;NO;;2032511844;1099650348;166532;88164;0.263223;40
gf0gjmj3.tif;[50:52[;1;<1;NO;SSM;arm;;;NO;;NO;;alive;NO;;167330790;1282916568;90112;99328;0.25;40
gfg8jb9r.tif;[78:80[;1;<1;NO;SSM;trunc;NO;NO;NO;;NO;;alive;NO;;2150713114;1189528102;88359;204649;0.242797397769517;20
ggohs9er.tif;[64:66[;2;<1;NO;SSM;lower limb/hip;;;NO;;NO;;alive;NO;;2927028888;676611640;68096;91392;0.2205120289311782;40
ggsvlf6n.tif;[70:72[;2;>=4;YES;ALM;toe;;;NO;;NO;;dead;NO;;3873926790;91396922;24576;29696;0.25;40
ghmfdctz.tif;[58:60[;1;[1 : 2[;;ALM;foot;NO;NO;NO;;YES;28.0;alive;YES;28.0;1467843267;2813729288;207360;103680;0.2302131774022745;40
gi6d9jwx.tif;[40:42[;1;<1;NO;SSM;trunk;;;NO;;NO;;alive;NO;;3399946594;1118013268;75264;96768;0.2205120289311782;40
gja8iu5z.tif;[66:68[;1;[2 : 4[;NO;SSM;arm;;;NO;;NO;;alive;NO;;2300073550;839007704;77824;114688;0.25;40
gjrz5jyd.tif;[74:76[;1;[1 : 2[;NO;SSM;trunk;;;NO;;NO;;alive;NO;;348793191;693353148;77824;83968;0.25;40
gkr8e0kj.tif;[70:72[;2;>=4;NO;unclassified;arm;NO;YES;NO;;NO;;alive;NO;;1683960190;963511024;86016;141312;0.25;40
gl9d6r4p.tif;[66:68[;2;<1;NO;SSM;lower limb/hip;;;NO;;NO;;;NO;;3331452570;812818268;86016;93184;0.25;40
gleixyo3.tif;[40:42[;2;[2 : 4[;NO;SSM;arm;;;NO;;NO;;alive;NO;;2946372000;2358020800;180480;103680;0.2302131774022745;40
glgz9d53.tif;[42:44[;1;[2 : 4[;NO;SSM;trunc;;;NO;;NO;;alive;NO;;3639252023;1198792352;81920;111616;0.25;40
gmak3650.tif;[88:90[;1;>=4;YES;unclassified;face;;YES;YES;0.0;NO;;dead;YES;0.0;2479954392;1143054402;107136;83968;0.226490306214894;40
gmva643j.tif;[70:72[;1;[2 : 4[;NO;NM;trunk;NO;;NO;;NO;;alive;NO;;1176481740;3050988006;179030;411074;0.121398698884758;40
gn2ddmf8.tif;[68:70[;1;>=4;YES;NM;;;NO;NO;;NO;;alive;NO;;880869119;1265768970;131923;88164;0.263223;40
gnbpgv8q.tif;[60:62[;2;<1;NO;SSM;face;NO;;NO;;NO;;alive;NO;;1347499945;234917470;155347;33271;0.264384;40
go4ymmfe.tif;[54:56[;2;[1 : 2[;NO;SSM;lower limb/hip;;;NO;;NO;;alive;NO;;2457406455;859115122;73728;152576;0.25;40
gofhdiua.tif;[66:68[;2;[1 : 2[;NO;SSM;forearm;NO;;NO;;NO;;alive;NO;;2649043777;1224937808;121856;80640;0.2205120289311782;40
goir89ai.tif;[40:42[;2;<1;NO;LMM;head/neck;NO;;NO;;NO;;alive;NO;;3239013715;1450264130;123840;251340;0.194475138121547;40
gq7c8pte.tif;[32:34[;2;<1;NO;SSM;upper limb/shoulder;YES;;NO;;NO;;alive;NO;;1088279655;138222590;21504;43008;0.2205120289311782;40
gqrjji31.tif;[48:50[;1;<1;NO;SSM;trunk;NO;;NO;;NO;;alive;NO;;3077987877;1394213164;123840;251340;0.194475138121547;40
gqrmlpi8.tif;[76:78[;2;[2 : 4[;YES;NM;head/neck;NO;;NO;;NO;;dead;NO;;1294110762;1270997094;123840;251340;0.194475138121547;40
gqyozse5.tif;[88:90[;1;<1;;LMM;face;;;NO;;NO;;alive;NO;;1194356169;30500462;15872;19968;0.226490306214894;40
grn5gg26.tif;[40:42[;1;[2 : 4[;;SSM;sole;;;NO;;NO;;alive;NO;;1148279015;1552666562;94208;99328;0.25;40
gt3zcmgd.tif;[64:66[;1;[2 : 4[;YES;NM;trunk;NO;YES;YES;12.0;YES;20.0;dead;YES;12.0;1036979595;2103951746;98304;167936;0.25;40
gt84fbye.tif;[46:48[;2;<1;NO;SSM;upper limb/shoulder;;;NO;;NO;;alive;NO;;4003853841;871577176;100352;53760;0.2205120289311782;40
gtbe4t2w.tif;[68:70[;2;<1;NO;SSM;thigh;;;NO;;NO;;alive;NO;;3087893344;650369126;81920;71680;0.25;40
gtq0i0j5.tif;[40:42[;1;<1;NO;SSM;trunc;YES;;NO;;NO;;alive;NO;;1591847390;328198714;47616;53248;0.226490306214894;40
gts64p78.tif;[40:42[;1;>=4;YES;NM;arm;NO;NO;NO;;NO;;alive;NO;;2189060960;1434328710;86016;113664;0.25;40
gv4kbf63.tif;[34:36[;1;[1 : 2[;NO;SSM;trunc;NO;NO;NO;;NO;;alive;NO;;2486173504;843999008;90112;82944;0.25;40
gvpsd5dp.tif;[54:56[;2;<1;NO;LMM;face;NO;;NO;;NO;;alive;NO;;2126599906;2944203140;179030;411074;0.121398698884758;40
gw5kwwk6.tif;[52:54[;1;[1 : 2[;NO;SSM;trunc;NO;NO;NO;;NO;;alive;NO;;822587742;898423258;73728;113664;0.25;40
gw7ziymd.tif;[66:68[;2;>=4;YES;NM;trunk;NO;NO;NO;;NO;;alive;NO;;3892868079;1070967500;106259;306939;0.25;40
gwqantep.tif;[42:44[;1;[1 : 2[;NO;unclassified;trunc;;;NO;;NO;;alive;NO;;2957952893;297259186;61440;55296;0.25;40
gwzpkx9m.tif;[62:64[;1;[2 : 4[;YES;ALM;hand/foot/nail;NO;NO;YES;5.0;YES;16.0;dead;YES;5.0;3806972305;918581670;104076;83987;0.263223;40
gzyqslsa.tif;[64:66[;1;[2 : 4[;YES;SSM;leg;NO;;NO;;NO;;alive;NO;;31432910;1406188996;141739;87505;0.264384;40
h01e4vbe.tif;[40:42[;2;[1 : 2[;NO;SSM;leg;;;NO;;NO;;alive;NO;;454023240;2895635472;179030;411074;0.121398698884758;40
h0kv91na.tif;[84:86[;1;<1;NO;SSM;head/neck;;;NO;;NO;;alive;NO;;2697472106;820662530;77824;123904;0.25;40
h0kvyt9d.tif;[86:88[;2;[1 : 2[;NO;SSM;leg;NO;;NO;;NO;;dead;NO;;2691777596;2564145546;207360;103680;0.2302131774022745;40
h0o9nsbq.tif;[70:72[;1;[2 : 4[;NO;SSM;head/neck;;NO;YES;42.0;NO;;alive;YES;42.0;3711261237;280110596;57344;44032;0.25;40
h5amo0pp.tif;[74:76[;1;[2 : 4[;NO;SSM;trunk;;NO;NO;;YES;54.0;alive;YES;54.0;1424675223;931903808;105704;52627;0.251;40
h713dciz.tif;[76:78[;1;[2 : 4[;YES;SSM;trunc;NO;YES;NO;;YES;28.0;dead;YES;28.0;1506569525;1147582992;95232;86016;0.226490306214894;40
h895mlr6.tif;[54:56[;2;[1 : 2[;NO;SSM;leg;NO;;NO;;NO;;alive;NO;;3174916375;2244850376;207360;87552;0.2302131774022745;40
h8gagrwo.tif;[54:56[;1;[1 : 2[;;;head/neck;YES;;NO;;YES;54.0;dead;YES;54.0;1788120763;957421996;128740;80208;0.263223;40
h9e45g3z.tif;[78:80[;1;<1;;LMM;arm;;;NO;;NO;;alive;NO;;4163953018;502055528;51584;83200;0.226490306214894;40
h9e9kh9c.tif;[24:26[;1;[1 : 2[;NO;SSM;face;;;NO;;NO;;alive;NO;;4270270217;583022000;79360;73728;0.226490306214894;40
ha6cnu4x.tif;[56:58[;1;[1 : 2[;YES;SSM;trunc;;;NO;;NO;;alive;NO;;3633888090;3883516848;179030;411074;0.121398698884758;40
hbt5d0tn.tif;[70:72[;2;<1;NO;SSM;upper limb/shoulder;;;NO;;NO;;dead;NO;;2460942314;371423506;114618;65887;0.263223;40
hcstt37p.tif;[56:58[;2;>=4;NO;SSM;face;YES;;NO;;NO;;alive;NO;;3697869639;952141154;120526;80501;0.264384;40
hdavw02m.tif;[40:42[;1;[2 : 4[;NO;SSM;trunc;NO;;NO;;NO;;alive;NO;;325970183;1069235142;81920;114688;0.25;40
he0o9kqd.tif;[76:78[;2;[1 : 2[;NO;SSM;leg;YES;;NO;;NO;;alive;NO;;91889270;691759188;143740;70294;0.264384;40
hfg60onv.tif;[82:84[;1;<1;NO;SSM;trunc;NO;;NO;;NO;;alive;NO;;2673701847;2632442248;179030;411074;0.121398698884758;40
hfzbwacj.tif;[88:90[;2;>=4;NO;SSM;leg;NO;YES;NO;;NO;;dead;NO;;3760327053;1320463968;90112;128000;0.25;40
hg6luawl.tif;[40:42[;2;[2 : 4[;NO;SSM;thigh;NO;;NO;;NO;;alive;NO;;2708954642;1290384984;90112;124928;0.25;40
hgxkiur9.tif;[46:48[;2;<1;NO;SSM;arm;;;NO;;NO;;alive;NO;;2188733860;1395291934;176640;82944;0.2302131774022745;40
hhw4bfz8.tif;[52:54[;1;[1 : 2[;NO;SSM;thigh;;;NO;;NO;;alive;NO;;73087487;483359950;65536;62464;0.25;40
hi63pfrb.tif;[72:74[;2;<1;NO;SSM;face;;;NO;;NO;;alive;NO;;3174735093;1922944388;207360;103680;0.2302131774022745;40
hi66jtol.tif;[36:38[;2;[1 : 2[;;other;hand/foot/nail;NO;NO;NO;;YES;40.0;alive;YES;40.0;2867806967;1094460588;86016;173056;0.25;40
hias1t62.tif;[50:52[;1;>=4;NO;SSM;upper limb/shoulder;NO;NO;YES;5.0;NO;;dead;YES;5.0;895892054;1302635268;94208;128000;0.25;40
hivilrwh.tif;[38:40[;2;<1;NO;SSM;leg;NO;;NO;;NO;;alive;NO;;3764293069;155233852;47616;26624;0.226490306214894;40
hj55vp6p.tif;[64:66[;1;<1;NO;SSM;trunc;;;NO;;NO;;alive;NO;;395878065;1120952592;176640;57600;0.2302131774022745;40
hj80l215.tif;[68:70[;1;<1;NO;SSM;upper limb/shoulder;;;NO;;NO;;alive;NO;;2209598743;436019840;57344;62464;0.25;40
hkj8pwhf.tif;[78:80[;2;>=4;YES;SSM;thigh;;NO;YES;7.0;YES;24.0;dead;YES;7.0;2393388879;1371446044;98304;121856;0.25;40
hlt7vf1a.tif;[74:76[;1;<1;;SSM;trunk;;;NO;;NO;;alive;NO;;561099138;631321578;65536;80896;0.25;40
hmgp3hor.tif;[82:84[;2;<1;NO;SSM;forearm;NO;;NO;;NO;;alive;NO;;538518696;2596142358;179030;411074;0.121398698884758;40
hpa3wvvq.tif;[58:60[;2;<1;NO;SSM;thigh;;;NO;;NO;;alive;NO;;2473159873;865981140;81920;107520;0.25;40
hpakkgsw.tif;[72:74[;2;[2 : 4[;NO;ALM;lower limb/hip;;NO;YES;12.0;NO;;dead;YES;12.0;2918252845;100352912;28672;26880;0.2205120289311782;40
hpff0c13.tif;[72:74[;1;[2 : 4[;YES;SSM;arm;NO;YES;NO;;YES;77.0;alive;YES;77.0;516060326;3286143606;179030;411074;0.121398698884758;40
hpk9awpt.tif;[90:92[;2;<1;NO;LMM;face;;;NO;;NO;;dead;NO;;4014020736;27000704;15872;15360;0.226490306214894;40
hpm6v8ge.tif;[64:66[;2;<1;NO;unclassified;forearm;NO;;NO;;NO;;alive;NO;;4062824683;2784271304;179030;411074;0.121398698884758;40
hpzk3x2s.tif;[56:58[;1;<1;NO;SSM;upper limb/shoulder;;;NO;;NO;;alive;NO;;378439451;364897020;61440;59392;0.25;40
hpzve0pn.tif;[72:74[;1;[1 : 2[;NO;SSM;trunc;;;NO;;NO;;alive;NO;;4057385378;982893558;69632;92160;0.25;40
hqcvfq26.tif;[72:74[;1;<1;NO;SSM;trunc;;;NO;;NO;;alive;NO;;139261752;714256050;73728;79872;0.25;40
hqe4pac8.tif;[60:62[;2;<1;NO;SSM;leg;;;NO;;NO;;alive;NO;;3238489517;792974540;57344;141312;0.25;40
hquea0y3.tif;[66:68[;1;>=4;YES;NM;trunc;NO;NO;NO;;YES;10.0;dead;YES;10.0;1693368723;2431725034;98304;138240;0.25;40
hraxt06h.tif;[48:50[;1;[2 : 4[;NO;SSM;arm;NO;;NO;;NO;;alive;NO;;2560748991;1337442428;162152;76498;0.264384;40
hs8uhgiv.tif;[80:82[;1;>=4;YES;NM;head/neck;NO;;NO;;YES;0.0;dead;YES;0.0;758304253;892972590;96768;69888;0.2205120289311782;40
hs9086f8.tif;[40:42[;1;[2 : 4[;YES;SSM;trunc;NO;;NO;;NO;;alive;NO;;3121355606;1958037908;188160;80640;0.2302131774022745;40
hsf9yh6e.tif;[62:64[;1;[1 : 2[;YES;LMM;face;NO;NO;NO;;YES;30.0;alive;YES;30.0;72082753;1060587926;115923;87505;0.264384;40
hsisfrre.tif;[82:84[;1;[2 : 4[;YES;LMM;head/neck;;;NO;;NO;;dead;NO;;1971602761;217796520;57344;34816;0.25;40
htkumr6g.tif;[70:72[;1;<1;NO;SSM;upper limb/shoulder;;;NO;;NO;;dead;NO;;2205646521;649197198;75264;64512;0.2205120289311782;40
htwe2agr.tif;[72:74[;2;[1 : 2[;NO;SSM;lower limb/hip;NO;YES;NO;;NO;;alive;NO;;1197882275;1963084214;106259;306939;0.25;40
hujj6grt.tif;[66:68[;1;[2 : 4[;YES;LMM;face;NO;NO;NO;;NO;;alive;NO;;4098395828;832881404;73728;98304;0.25;40
hv4hn5ef.tif;[80:82[;2;[2 : 4[;NO;LMM;lower limb/hip;NO;;NO;;NO;;dead;NO;;3719030978;1670863720;123840;251340;0.194475138121547;40
hv6u1w7l.tif;[46:48[;1;<1;NO;SSM;trunc;;;NO;;NO;;alive;NO;;4153458200;2946232856;179030;411074;0.121398698884758;40
hw71clm8.tif;[50:52[;1;[1 : 2[;;SSM;upper limb/shoulder;;;NO;;NO;;alive;NO;;752286126;303829146;61440;38912;0.25;40
hxiubwtq.tif;[86:88[;1;<1;NO;SSM;arm;;;NO;;NO;;alive;NO;;3572063528;1607103710;176640;103680;0.2302131774022745;40
hxqb65c5.tif;[38:40[;1;[1 : 2[;NO;SSM;leg;NO;;NO;;NO;;alive;NO;;3700755639;541492244;59520;70912;0.226490306214894;40
hzkjmspt.tif;[62:64[;2;>=4;YES;ALM;foot;NO;;NO;;YES;13.0;alive;YES;13.0;1710942076;1542868062;126976;93184;0.226490306214894;40
i0aosocx.tif;[44:46[;1;[1 : 2[;NO;SSM;trunc;;;NO;;NO;;alive;NO;;2212222251;1546219610;90112;169984;0.25;40
i17q9yds.tif;[74:76[;2;>=4;NO;SSM;forearm;;;NO;;NO;;alive;NO;;3163580907;1044930152;86016;91136;0.25;40
i1uq9f8f.tif;[50:52[;2;[1 : 2[;NO;;thigh;;;NO;;NO;;alive;NO;;1323938520;386478052;61440;45056;0.25;40
i2zvws03.tif;[68:70[;1;[2 : 4[;YES;SSM;trunk;NO;YES;NO;;NO;;dead;NO;;838013890;1676899414;98304;125952;0.25;40
i5h28l20.tif;[46:48[;1;<1;NO;SSM;trunc;NO;;NO;;NO;;alive;NO;;1051071571;2202964430;207360;103680;0.2302131774022745;40
i61c111v.tif;[72:74[;1;<1;NO;SSM;trunc;NO;;NO;;NO;;alive;NO;;1302558585;2853108926;88359;204649;0.242797397769517;20
i77ys5n3.tif;[86:88[;1;<1;NO;LMM;trunc;;;NO;;NO;;dead;NO;;3328802787;1164399154;123008;81664;0.226490306214894;40
i7qwgbjo.tif;[66:68[;2;<1;NO;unclassified;face;;;NO;;NO;;alive;NO;;1933504782;930553808;86016;197632;0.25;40
i7z1kosg.tif;[84:86[;1;<1;NO;SSM;trunc;;;NO;;NO;;dead;NO;;1542389;1224300690;88359;204649;0.242797397769517;20
i9jbeeut.tif;[46:48[;1;<1;NO;SSM;trunc;;;NO;;NO;;alive;NO;;2146464909;787228316;75392;70912;0.226490306214894;40
ia43ajvc.tif;[70:72[;1;>=4;YES;SSM;arm;;YES;YES;12.0;NO;;dead;YES;12.0;2194511851;2133904318;98304;150528;0.25;40
iaovenm4.tif;[86:88[;2;<1;NO;SSM;trunc;;;NO;;NO;;dead;NO;;3596591342;552476226;65536;72704;0.25;40
ibdv2mml.tif;[60:62[;2;;;;lower limb/hip;NO;;NO;;NO;;alive;NO;;1118165116;843864484;123840;251340;0.194475138121547;40
ibesgi3x.tif;[78:80[;1;[2 : 4[;NO;LMM;face;;NO;NO;;YES;32.0;dead;YES;32.0;3746905784;1174126268;81920;94208;0.25;40
idbenwnt.tif;[86:88[;1;>=4;YES;SSM;trunk;NO;YES;NO;;YES;15.0;dead;YES;15.0;205340274;1614338380;99824;117552;0.25;40
idfwksmt.tif;[84:86[;1;[2 : 4[;YES;LMM;upper limb/shoulder;;;NO;;NO;;dead;NO;;3568486456;161316794;39424;32256;0.2205120289311782;40
ie60p47t.tif;[72:74[;2;[2 : 4[;YES;SSM;leg;NO;;NO;;NO;;alive;NO;;1237842775;1269848388;81920;195584;0.25;40
iemuss3j.tif;[62:64[;2;<1;NO;SSM;trunc;NO;;NO;;NO;;alive;NO;;488305435;1436114422;119040;92416;0.226490306214894;40
ii5aaqb5.tif;[44:46[;2;<1;NO;SSM;lower limb/hip;NO;;NO;;NO;;alive;NO;;2600077691;1264511872;123840;251340;0.194475138121547;40
iib99c90.tif;[50:52[;2;;;;arm;;;;;;;;NO;;2844864729;652635260;77824;124928;0.25;40
iix3ket1.tif;[52:54[;2;<1;NO;SSM;arm;;;NO;;NO;;alive;NO;;2518481841;963306990;86016;76800;0.25;40
ij1g76xz.tif;[40:42[;2;[2 : 4[;NO;SSM;leg;;NO;NO;;YES;105.0;alive;YES;105.0;4083006099;1411401938;98304;120832;0.25;40
ij8om5ub.tif;[58:60[;1;<1;NO;SSM;arm;;;NO;;NO;;dead;NO;;1355744145;1367396930;175360;87505;0.264384;40
ijom9m3p.tif;[68:70[;2;[1 : 2[;;SSM;leg;;;YES;22.0;NO;;dead;YES;22.0;2307012145;582247306;61440;65536;0.25;40
ikvw05zh.tif;[66:68[;2;<1;NO;SSM;leg;;;NO;;NO;;alive;NO;;2824704451;2249614906;207360;101376;0.2302131774022745;40
inkybm8l.tif;[44:46[;2;<1;NO;SSM;thigh;NO;;NO;;NO;;alive;NO;;3671169825;644312262;88359;204649;0.242797397769517;20
inl4skus.tif;[50:52[;1;[2 : 4[;NO;SSM;trunk;NO;NO;NO;;YES;60.0;dead;YES;60.0;3423643696;1745870484;94208;155648;0.25;40
insjd8a2.tif;[46:48[;2;<1;NO;SSM;trunc;;;NO;;NO;;alive;NO;;3490978355;1356550220;98304;120832;0.25;40
ipdwczv8.tif;[68:70[;1;<1;NO;SSM;leg;;;NO;;NO;;alive;NO;;954622229;765889614;86016;81920;0.25;40
ipk4yn9t.tif;[44:46[;1;<1;NO;SSM;arm;NO;;NO;;NO;;alive;NO;;3185776940;751320614;133134;81101;0.264384;40
iqh34kvr.tif;[28:30[;2;[1 : 2[;NO;SSM;seat;NO;;NO;;NO;;alive;NO;;1338419947;1159459874;88320;92160;0.2302131774022745;40
ir8k9jd2.tif;[64:66[;2;<1;NO;SSM;upper limb/shoulder;;;NO;;NO;;alive;NO;;1225290506;618277976;138486;69069;0.263223;40
irazvasf.tif;[44:46[;2;<1;NO;SSM;arm;NO;;NO;;NO;;alive;NO;;2622953009;2610688778;179030;411074;0.121398698884758;40
irb9j3zr.tif;[68:70[;1;<1;NO;SSM;face;;;NO;;NO;;alive;NO;;2885851730;556017024;61440;71680;0.25;40
irj3h2lf.tif;[52:54[;2;[1 : 2[;NO;SSM;leg;NO;;NO;;NO;;alive;NO;;2414280784;653661462;88359;204649;0.242797397769517;20
iro23h7d.tif;[52:54[;2;<1;NO;SSM;leg;;;NO;;NO;;alive;NO;;3014668593;232746900;40960;53248;0.25;40
irydm9te.tif;[68:70[;1;<1;NO;SSM;trunc;;;NO;;NO;;dead;NO;;2055818640;1164949818;86016;116736;0.25;40
is10l4cv.tif;[66:68[;1;[2 : 4[;NO;SSM;leg;NO;;NO;;NO;;alive;NO;;1880568229;2724076264;179030;411074;0.121398698884758;40
is1tu662.tif;[76:78[;2;[2 : 4[;NO;SSM;trunk;NO;NO;NO;;YES;4.0;dead;YES;4.0;3457519645;980774560;87600;129872;0.25;40
isa0gabz.tif;[74:76[;2;<1;NO;SSM;trunk;;;NO;;NO;;alive;NO;;3672722366;810722440;149227;58925;0.263223;40
ispnrfmy.tif;[54:56[;1;>=4;NO;SSM;upper limb/shoulder;NO;YES;NO;;NO;;alive;NO;;3555133649;1454442178;106259;306939;0.25;40
itgrghi1.tif;[72:74[;1;<1;NO;SSM;trunc;NO;;NO;;NO;;alive;NO;;1894599798;1175892292;147743;87505;0.264384;40
itpipmdf.tif;[44:46[;1;<1;NO;SSM;trunc;NO;;NO;;NO;;alive;NO;;1384574935;865179514;63488;85504;0.226490306214894;40
iu81gnaj.tif;[72:74[;1;[1 : 2[;NO;SSM;arm;;;NO;;NO;;dead;NO;;2319582295;55796656;28672;19456;0.25;40
iujakvr4.tif;[68:70[;2;<1;NO;SSM;arm;;;NO;;NO;;alive;NO;;1616044260;384186102;53248;66560;0.25;40
iuqyk9oy.tif;[82:84[;2;<1;NO;SSM;leg;;;NO;;NO;;alive;NO;;3511839946;1440458560;172800;64512;0.2302131774022745;40
iv4wc0r1.tif;[62:64[;2;[2 : 4[;NO;NM;hand;NO;YES;NO;;NO;;alive;NO;;685174802;754756198;98304;72704;0.25;40
ivo32at6.tif;[84:86[;2;[1 : 2[;NO;SSM;arm;;NO;NO;;YES;29.0;dead;YES;29.0;775436468;541420324;77824;61440;0.25;40
ivpyjlxo.tif;[72:74[;2;<1;NO;SSM;arm;NO;YES;YES;29.0;NO;;dead;YES;29.0;701128429;2245619120;199680;80640;0.2302131774022745;40
iw2z41ax.tif;[76:78[;1;[1 : 2[;NO;LMM;trunk;YES;;NO;;NO;;dead;NO;;1392709177;474092720;60928;48384;0.2205120289311782;40
iwefq094.tif;[50:52[;1;<1;NO;;upper limb/shoulder;NO;;NO;;NO;;alive;NO;;3941978649;1036258182;153802;88164;0.263223;40
iwlwk1rv.tif;[80:82[;1;<1;NO;SSM;trunc;;;NO;;NO;;alive;NO;;4234192553;883068200;90112;140288;0.25;40
iwmh2spa.tif;[62:64[;2;<1;NO;SSM;leg;NO;;NO;;NO;;alive;NO;;547050626;608913198;124528;85304;0.264384;40
iyxq5t0u.tif;[78:80[;1;[2 : 4[;YES;SSM;trunk;;;NO;;NO;;alive;NO;;2919137083;507243318;53760;75264;0.2205120289311782;40
iz2eu767.tif;[66:68[;2;>=4;YES;SSM;lower limb/hip;NO;NO;NO;;NO;;alive;NO;;3112423815;1203479700;106259;306939;0.25;40
izajiqb6.tif;[30:32[;2;[2 : 4[;NO;unclassified;trunc;NO;;NO;;NO;;alive;NO;;2860644579;1381430162;90112;114688;0.25;40
izhajqks.tif;[66:68[;1;[2 : 4[;NO;SSM;trunk;;YES;NO;6.0;YES;14.0;dead;YES;14.0;3100940284;1660598366;106259;306939;0.25;40
j19g3ll1.tif;[56:58[;1;[1 : 2[;NO;LMM;neck;NO;;NO;;NO;;alive;NO;;3665458885;3448223010;179030;411074;0.121398698884758;40
j1d6zj33.tif;[82:84[;2;[1 : 2[;NO;LMM;face;NO;NO;NO;;NO;;alive;NO;;1069171566;1864958090;126720;101376;0.2302131774022745;40
j49fiint.tif;[82:84[;1;<1;NO;SSM;leg;NO;;NO;;NO;;dead;NO;;3031734450;2898599406;179030;411074;0.121398698884758;40
j53v060r.tif;[62:64[;1;<1;NO;SSM;trunc;;;NO;;NO;;alive;NO;;2521703795;1326856196;168956;87505;0.264384;40
j5odd6jy.tif;[36:38[;1;<1;NO;SSM;head/neck;YES;YES;NO;;YES;20.0;alive;YES;20.0;1816977388;240980004;46592;43008;0.2205120289311782;40
j7ue6584.tif;[68:70[;1;[1 : 2[;NO;unclassified;arm;;;NO;;NO;;alive;NO;;240012616;831982688;57344;141312;0.25;40
j92cx3wu.tif;[70:72[;1;<1;NO;SSM;arm;;;NO;;NO;;alive;NO;;4112865320;897117142;102400;86016;0.25;40
j9l985ny.tif;[64:66[;1;>=4;NO;NM;upper limb/shoulder;NO;NO;NO;;YES;24.0;dead;YES;24.0;1081538653;1834890092;94208;142336;0.25;40
jb68woac.tif;[52:54[;2;<1;NO;NM;foot;;;NO;;NO;;alive;NO;;3644798993;1294607494;115200;92160;0.2302131774022745;40
jbffudqs.tif;[78:80[;1;<1;NO;SSM;trunc;NO;;NO;;NO;;dead;NO;;719990734;3308932552;179030;411074;0.121398698884758;40
jbiutlxp.tif;[60:62[;2;[1 : 2[;NO;SSM;head/neck;NO;NO;NO;;NO;;alive;NO;;113610913;1239500316;90112;158720;0.25;40
jbwr94wg.tif;[56:58[;2;<1;NO;SSM;trunc;;;NO;;NO;;alive;NO;;1736967829;851391628;142080;41472;0.2302131774022745;40
jc3bw7c6.tif;[32:34[;2;<1;NO;SSM;trunc;;;NO;;NO;;alive;NO;;2874615652;1176087580;168960;78336;0.2302131774022745;40
jdf0aac8.tif;[76:78[;1;<1;NO;LMM;face;;;NO;;NO;;alive;NO;;1661722161;49551528;23808;23296;0.226490306214894;40
jdjuot87.tif;[76:78[;2;[1 : 2[;;;head/neck;;NO;NO;;NO;;alive;NO;;376995173;1038932140;69632;157696;0.25;40
jdso97ug.tif;[60:62[;1;[1 : 2[;NO;SSM;face;NO;NO;NO;;YES;19.0;dead;YES;19.0;1639134883;71435038;23808;22784;0.226490306214894;40
jecka1n2.tif;[62:64[;1;<1;NO;SSM;trunk;;;NO;;NO;;dead;NO;;1523058758;1204631326;78848;96768;0.2205120289311782;40
jemrpiwe.tif;[64:66[;2;[1 : 2[;NO;SSM;trunk;NO;YES;NO;;NO;;alive;NO;;3356744609;1369330710;106259;306939;0.25;40
jerjygd4.tif;[62:64[;1;[2 : 4[;NO;NM;lower limb/hip;NO;YES;YES;21.0;YES;39.0;dead;YES;21.0;1329052847;2109693118;106259;306939;0.25;40
jg5exovl.tif;[58:60[;1;[1 : 2[;NO;other;lower limb/hip;NO;NO;NO;;NO;;alive;NO;;2864655441;814029636;106259;306939;0.25;40
jhahkozy.tif;[66:68[;2;[1 : 2[;NO;SSM;lower limb/hip;NO;NO;NO;;NO;;alive;NO;;1483981624;2010766544;106259;306939;0.25;40
jibqki89.tif;[72:74[;2;>=4;YES;NM;upper limb/shoulder;NO;;NO;;YES;7.0;dead;YES;7.0;832620235;1741154474;94000;132512;0.25;40
jisjvsam.tif;[50:52[;1;>=4;YES;SSM;lower limb/hip;NO;NO;YES;0.0;YES;8.0;dead;YES;0.0;3702332000;1757357628;109049;88164;0.263223;40
jkbog4kc.tif;[82:84[;2;[2 : 4[;NO;SSM;leg;;;NO;;NO;;alive;NO;;699895709;1557408000;94208;116736;0.25;40
jkghp0qz.tif;[40:42[;1;[2 : 4[;NO;NM;trunc;;;NO;;NO;;alive;NO;;483867372;1438728128;94208;103424;0.25;40
jkma36wx.tif;[62:64[;1;[1 : 2[;NO;SSM;trunc;;;NO;;NO;;alive;NO;;2118778881;1779474296;99200;105216;0.226490306214894;40
jkzmfntc.tif;[72:74[;1;<1;NO;SSM;trunc;NO;;NO;;NO;;alive;NO;;3617276260;536016228;127330;67893;0.264384;40
jlv6cu8t.tif;[52:54[;2;[2 : 4[;YES;NM;trunc;NO;NO;NO;;YES;8.0;alive;YES;8.0;3114133888;2675706842;207360;103680;0.2302131774022745;40
jmcmpi2s.tif;[44:46[;1;<1;NO;SSM;leg;;;NO;;NO;;alive;NO;;2233289840;871389476;73728;94208;0.25;40
jn4r8hdj.tif;[66:68[;1;<1;NO;SSM;trunc;;;NO;;NO;;alive;NO;;58854458;927117896;65536;92160;0.25;40
jncfp8ai.tif;[60:62[;2;[2 : 4[;NO;NM;head/neck;NO;YES;NO;;NO;;alive;NO;;1614546725;2759817106;106259;306939;0.25;40
jnhfsnpb.tif;[32:34[;2;<1;NO;SSM;seat;NO;;NO;;NO;;alive;NO;;3989359514;2104843540;195840;103680;0.2302131774022745;40
jooskyzv.tif;[30:32[;2;<1;NO;SSM;thigh;;;NO;;NO;;alive;NO;;3462996354;371882748;57344;72704;0.25;40
jp3ui890.tif;[60:62[;1;[1 : 2[;NO;SSM;lower limb/hip;NO;YES;NO;;NO;;alive;NO;;3667564492;1638264942;106259;306939;0.25;40
jpcs65zp.tif;[68:70[;1;[1 : 2[;YES;LMM;face;;NO;YES;11.0;NO;;dead;YES;11.0;3970413955;349173380;53248;55296;0.25;40
jpkeqyit.tif;[64:66[;1;<1;;SSM;upper limb/shoulder;NO;;NO;;NO;;alive;NO;;1443335347;643397526;80407;69865;0.263223;40
jpvsh5w5.tif;[64:66[;1;<1;NO;SSM;trunc;NO;;NO;;NO;;alive;NO;;6735287;3835173864;179030;411074;0.121398698884758;40
jr32nvbx.tif;[76:78[;1;<1;NO;SSM;trunc;;;NO;;NO;;alive;NO;;1821061540;1052061588;81920;103424;0.25;40
jsma9u2d.tif;[66:68[;1;[1 : 2[;NO;SSM;leg;;;NO;;NO;;dead;NO;;1596500496;880921538;69632;135168;0.25;40
jvghvndp.tif;[78:80[;2;>=4;YES;NM;arm;NO;YES;NO;;NO;;alive;NO;;1435472910;1758913736;207360;71424;0.2302131774022745;40
jvu4hqrf.tif;[80:82[;1;<1;NO;LMM;trunc;;;NO;;NO;;dead;NO;;1389449549;41308518;16384;24576;0.25;40
jweksono.tif;[70:72[;1;[2 : 4[;NO;SSM;upper limb/shoulder;;;NO;;NO;;alive;NO;;3607909738;396039294;57344;65536;0.25;40
jxekyn46.tif;[44:46[;2;<1;NO;SSM;leg;NO;;NO;;NO;;alive;NO;;229165417;1222041096;88359;204649;0.242797397769517;20
jxro26uk.tif;[70:72[;1;>=4;YES;other;head/neck;NO;NO;NO;;NO;;alive;NO;;2189753290;652592166;61440;133120;0.25;40
jyvfqc7v.tif;[32:34[;2;[1 : 2[;NO;SSM;lower limb/hip;NO;YES;NO;;NO;;alive;NO;;4255314488;1699434150;106259;306939;0.25;40
jza5t8t0.tif;[52:54[;1;[2 : 4[;YES;SSM;leg;;;NO;;NO;;alive;NO;;1954186492;2535150302;207360;103680;0.2302131774022745;40
jzeuq9pu.tif;[44:46[;2;<1;NO;SSM;leg;;;NO;;NO;;alive;NO;;2608057881;152084054;39680;36864;0.226490306214894;40
jzr05vfz.tif;[62:64[;1;[1 : 2[;NO;SSM;face;;;NO;;NO;;dead;NO;;2831277424;975849836;69632;94208;0.25;40
k1bipcom.tif;[74:76[;2;<1;NO;SSM;arm;;;NO;;NO;;alive;NO;;3237263167;677064688;81920;71680;0.25;40
k1h63w50.tif;[52:54[;1;[1 : 2[;NO;SSM;trunc;;;NO;;NO;;dead;NO;;4263715725;989381294;77824;102400;0.25;40
k3hiq7vv.tif;[84:86[;2;<1;NO;SSM;face;;;NO;;NO;;dead;NO;;2129739915;781827658;73728;89088;0.25;40
k3tvn4co.tif;[90:92[;1;>=4;YES;other;head/neck;;;NO;;NO;;dead;NO;;3040191068;796796466;61440;80896;0.25;40
k4312nkj.tif;[74:76[;2;<1;NO;SSM;leg;;;NO;;NO;;alive;NO;;3803063033;1684138584;176640;82944;0.2302131774022745;40
k4r4zy76.tif;[74:76[;1;[2 : 4[;NO;LMM;face;;;NO;;NO;;alive;NO;;3819592624;812160466;73728;87040;0.25;40
k50g6lgt.tif;[98:100[;2;<1;NO;MLM;trunc;;;NO;;NO;;dead;NO;;1834976881;378977702;55552;52224;0.226490306214894;40
k64iubv1.tif;[44:46[;1;>=4;YES;SSM;lower limb/hip;NO;YES;NO;;YES;47.0;dead;YES;47.0;1333575082;827489416;106259;306939;0.25;40
k69z1nh9.tif;[42:44[;1;<1;NO;SSM;arm;NO;;NO;;NO;;alive;NO;;1840781315;857641568;147648;60660;0.262762;40
k6qlbfiu.tif;[74:76[;2;<1;NO;LMM;face;NO;;NO;;NO;;alive;NO;;3664994425;84181206;19840;30976;0.226490306214894;40
k7cdb530.tif;[78:80[;1;<1;NO;SSM;leg;;;NO;;NO;;alive;NO;;533820834;1235467160;90112;96256;0.25;40
k7izddp0.tif;[78:80[;1;[1 : 2[;NO;SSM;thigh;NO;YES;YES;65.0;NO;;alive;YES;65.0;1583496812;2399411768;179030;411074;0.121398698884758;40
k81are5d.tif;[72:74[;1;[2 : 4[;NO;NM;face;NO;;NO;;NO;;alive;NO;;1009755952;2215911210;165120;99072;0.2302131774022745;40
k85cemwe.tif;[78:80[;2;<1;NO;LMM;face;;;NO;;NO;;alive;NO;;2376188009;33070516;19840;17152;0.226490306214894;40
k97hxtab.tif;[86:88[;2;<1;NO;LMM;face;;;NO;;NO;;alive;NO;;1743332595;2154180306;207360;103680;0.2302131774022745;40
k9jn7pdi.tif;[66:68[;1;[2 : 4[;YES;NM;trunk;NO;NO;NO;;NO;;alive;NO;;365965047;1234136516;106259;306939;0.25;40
kb73hkg1.tif;[80:82[;2;[1 : 2[;NO;SSM;leg;NO;;NO;;NO;;alive;NO;;3509446174;2033434910;188160;103680;0.2302131774022745;40
kbe89s10.tif;[58:60[;2;<1;NO;SSM;leg;;;NO;;NO;;alive;NO;;4253533651;1046650506;77824;101376;0.25;40
kbrjqgjj.tif;[54:56[;1;[2 : 4[;NO;SSM;trunk;NO;;NO;;NO;;alive;NO;;730450112;789054110;76432;105472;0.25;40
kbvb62g2.tif;[78:80[;2;>=4;YES;NM;arm;;;NO;;NO;;alive;NO;;575729680;1646632606;90112;112640;0.25;40
kbzkutvd.tif;[80:82[;1;[2 : 4[;YES;SSM;upper limb/shoulder;;;NO;;NO;;alive;NO;;2253546432;716438990;94208;81920;0.25;40
kc82nuft.tif;[46:48[;2;[2 : 4[;YES;ALM;seat;NO;NO;YES;24.0;YES;48.0;dead;YES;24.0;2234302372;3225291568;179030;411074;0.121398698884758;40
kda3so2c.tif;[88:90[;1;[2 : 4[;;SSM;trunk;;;NO;;NO;;dead;NO;;2432541783;1378096638;98304;162816;0.25;40
kdc6j8ht.tif;[70:72[;2;[1 : 2[;NO;unclassified;leg;NO;YES;NO;;NO;;alive;NO;;3324556678;486047526;115028;76165;0.262762;40
kdjubhkt.tif;[40:42[;2;<1;NO;SSM;face;;;NO;;NO;;alive;NO;;3710796508;267076526;45056;55296;0.25;40
keurusxe.tif;[82:84[;1;>=4;NO;ALM;head/neck;NO;YES;NO;;NO;;alive;NO;;2241261841;1997081524;106259;306939;0.25;40
kfwhxazh.tif;[46:48[;2;[1 : 2[;NO;SSM;arm;;;NO;;NO;;alive;NO;;3225393122;4046815758;179030;411074;0.121398698884758;40
kg8k1bx3.tif;[86:88[;2;<1;NO;;face;;NO;NO;;NO;;dead;NO;;447923870;702192646;90112;76800;0.25;40
kgsjxjr5.tif;[84:86[;1;<1;NO;SSM;leg;;;NO;;NO;;alive;NO;;3949066142;431223606;61440;66560;0.25;40
ki8bbg7j.tif;[42:44[;2;<1;NO;SSM;leg;;;NO;;NO;;alive;NO;;612586885;117260762;31744;35328;0.226490306214894;40
kikg2gp0.tif;[70:72[;2;>=4;YES;SSM;trunc;NO;YES;NO;;YES;4.0;dead;YES;4.0;2330389913;772089122;83328;70912;0.226490306214894;40
kjn9sa7a.tif;[64:66[;1;<1;NO;SSM;trunc;;;NO;;NO;;alive;NO;;2482604313;1017809116;86016;101376;0.25;40
kkgocqfj.tif;[64:66[;1;<1;NO;SSM;trunk;YES;YES;YES;61.0;NO;;alive;YES;61.0;3840339365;2385565294;139776;112896;0.2205120289311782;40
kkmhsnfu.tif;[70:72[;2;<1;NO;SSM;upper limb/shoulder;;;NO;;NO;;alive;NO;;1665720806;996853050;94208;135168;0.25;40
klgzn4xm.tif;[46:48[;1;;;SSM;leg;;;NO;;NO;;alive;NO;;1825082682;1456093484;119040;100864;0.226490306214894;40
kllopxw7.tif;[54:56[;2;[1 : 2[;NO;SSM;lower limb/hip;YES;YES;NO;;NO;;alive;NO;;2357343011;965177442;106259;306939;0.25;40
kn352tx7.tif;[72:74[;2;<1;NO;MLM;face;NO;;NO;;NO;;alive;NO;;3346999966;183790096;35712;52736;0.226490306214894;40
knnaor6q.tif;[62:64[;2;<1;NO;SSM;upper limb/shoulder;;;NO;;NO;;alive;NO;;1358577940;965254722;86016;129024;0.25;40
kodz9va5.tif;[68:70[;2;<1;NO;SSM;trunc;NO;;NO;;NO;;alive;NO;;3106072838;3259827556;179030;411074;0.121398698884758;40
kopq7688.tif;[60:62[;1;[1 : 2[;NO;SSM;leg;;;NO;;NO;;alive;NO;;3391460350;1024820040;81920;104448;0.25;40
koy99q0b.tif;[60:62[;1;[2 : 4[;YES;SSM;head/neck;NO;NO;NO;;NO;;alive;NO;;357845270;1592306684;90112;162816;0.25;40
kp62v2di.tif;[66:68[;2;>=4;NO;unclassified;face;;NO;YES;2.0;NO;;dead;YES;2.0;1346213628;1154826622;81920;102400;0.25;40
kqkfbp9r.tif;[78:80[;1;[1 : 2[;YES;NM;head/neck;NO;NO;NO;;YES;48.0;dead;YES;48.0;726020414;1759831552;93984;141776;0.25;40
krjv00f1.tif;[58:60[;1;;NO;SSM;thigh;;;NO;;NO;;alive;NO;;4248517711;568986622;69632;77824;0.25;40
krxlrc0t.tif;[62:64[;2;<1;NO;SSM;trunk;YES;;NO;;NO;;alive;NO;;1975595248;422121506;57344;64512;0.2205120289311782;40
krzhwopq.tif;[60:62[;1;[1 : 2[;NO;SSM;leg;;;NO;;NO;;alive;NO;;143762579;1775865760;94208;141312;0.25;40
ksjqtsds.tif;[50:52[;2;<1;NO;SSM;lower limb/hip;;;NO;;NO;;alive;NO;;2570427958;361879118;131724;45201;0.263223;40
ktkd5mnd.tif;[62:64[;1;[1 : 2[;NO;ALM;hand/foot/nail;NO;NO;NO;;NO;;alive;NO;;2200824938;1359939104;106259;306939;0.25;40
kv8xyy6w.tif;[44:46[;1;<1;NO;SSM;trunc;NO;NO;NO;;NO;;alive;NO;;2871486144;2612484734;179030;411074;0.121398698884758;40
kvqf7f8n.tif;[58:60[;1;>=4;YES;NM;trunc;;;NO;;NO;;dead;NO;;2894862947;883164066;77824;84992;0.25;40
kw3asisx.tif;[84:86[;2;<1;NO;SSM;lower limb/hip;;;NO;;NO;;alive;NO;;1108509841;283407606;32256;80640;0.2205120289311782;40
kyk203jv.tif;[56:58[;1;<1;NO;unclassified;trunc;NO;;NO;;NO;;alive;NO;;2030386894;3221462160;179030;411074;0.121398698884758;40
kzuto68c.tif;[68:70[;2;<1;NO;SSM;upper limb/shoulder;;;NO;;NO;;alive;NO;;3975701310;1405824768;220236;88164;0.263223;40
l09opsyx.tif;[34:36[;2;<1;NO;SSM;thigh;;;NO;;NO;;alive;NO;;1656997487;1442124762;98304;105472;0.25;40
l0e8y3rm.tif;[48:50[;1;<1;NO;SSM;upper limb/shoulder;;;NO;;NO;;dead;NO;;2376023929;1754498318;90112;172032;0.25;40
l198ss96.tif;[68:70[;2;[1 : 2[;NO;SSM;upper limb/shoulder;NO;NO;YES;51.0;NO;;alive;YES;51.0;955921551;962882718;106259;306939;0.25;40
l1d8kh26.tif;[78:80[;2;<1;NO;SSM;leg;;;NO;;NO;;alive;NO;;1557888038;794937560;94208;82944;0.25;40
l1k58p9n.tif;[80:82[;1;<1;NO;LMM;face;;;NO;;NO;;alive;NO;;3750341669;1292485326;94208;122880;0.25;40
l2kadgsh.tif;[58:60[;1;<1;NO;SSM;trunk;;;NO;;NO;;dead;NO;;536973090;726846696;93184;59136;0.2205120289311782;40
l4k31iog.tif;[88:90[;1;[1 : 2[;YES;SSM;trunc;;;NO;;NO;;dead;NO;;737397365;1084423956;103680;73728;0.2302131774022745;40
l4pctaej.tif;[24:26[;1;[1 : 2[;YES;NM;hand/foot/nail;;;NO;;NO;;alive;NO;;3042794121;498038366;86573;88164;0.263223;40
l5izz74y.tif;[64:66[;2;<1;NO;SSM;arm;;;NO;;NO;;alive;NO;;1003540654;841445958;73728;100352;0.25;40
l5qr12il.tif;[50:52[;1;<1;NO;SSM;lower limb/hip;;;NO;;NO;;alive;NO;;1343658380;923158464;69632;111616;0.25;40
l5y7ol6b.tif;[80:82[;2;>=4;YES;SSM;trunc;;;NO;;NO;;dead;NO;;2163583471;1472110662;157440;76032;0.2302131774022745;40
l61pwm2m.tif;[38:40[;2;<1;NO;SSM;lower limb/hip;;;NO;;NO;;;NO;;202570384;202692558;40960;46080;0.25;40
l62yb395.tif;[76:78[;2;<1;NO;SSM;arm;;;NO;;NO;;alive;NO;;3602723057;814509112;83328;91392;0.226490306214894;40
l6dnumuy.tif;[42:44[;2;<1;NO;SSM;trunc;;;NO;;NO;;alive;NO;;1359490259;900925726;86016;106496;0.25;40
l6s043vm.tif;[82:84[;2;[1 : 2[;NO;unclassified;trunc;;;NO;;NO;;alive;NO;;2798573061;63744208;28672;25600;0.25;40
l7cx3oja.tif;[62:64[;2;[2 : 4[;;SSM;trunc;NO;;NO;;NO;;alive;NO;;3412564247;765691380;81920;99328;0.25;40
l7qxiwwx.tif;[60:62[;1;>=4;NO;ALM;finger;NO;;NO;;NO;;alive;NO;;1887366900;210886938;103115;44478;0.264384;40
l7wybhhe.tif;[72:74[;1;;;other;head/neck;;YES;NO;;NO;;dead;NO;;614152350;1100465794;86016;86016;0.2205120289311782;40
l86otqpo.tif;[76:78[;2;[1 : 2[;NO;SSM;face;;;NO;;NO;;alive;NO;;517711635;521423766;69632;68608;0.25;40
l88a8p7w.tif;[86:88[;2;<1;NO;SSM;lower limb/hip;NO;;NO;;NO;;dead;NO;;1459676956;872110646;132519;71058;0.263223;40
l97txcmi.tif;[44:46[;2;>=4;YES;SSM;sole;;YES;YES;1.0;YES;4.0;dead;YES;1.0;2049513497;1165009064;81920;98304;0.25;40
l9gam80b.tif;[66:68[;1;<1;NO;SSM;trunc;;;NO;;NO;;alive;NO;;3908129653;625511128;94208;61440;0.25;40
lb1pce0k.tif;[38:40[;2;<1;NO;SSM;thigh;NO;;NO;;NO;;alive;NO;;656866944;387005854;51584;79104;0.2271746291374179;40
lbe0p5j8.tif;[68:70[;2;<1;NO;SSM;lower limb/hip;;;NO;;NO;;;NO;;1535514773;586522972;73728;90112;0.25;40
lbnfxzen.tif;[58:60[;2;>=4;YES;NM;leg;YES;NO;YES;3.0;NO;;dead;YES;3.0;3802489707;860188170;94208;94208;0.25;40
ldmoas7y.tif;[80:82[;2;>=4;YES;SSM;lower limb/hip;NO;NO;NO;;YES;30.0;dead;YES;30.0;3428348976;1889397170;94208;173056;0.25;40
le2xpv4m.tif;[18:20[;2;[1 : 2[;NO;other;trunk;;;NO;;NO;;alive;NO;;1093641850;549358730;53760;75264;0.2205120289311782;40
lfqhmwsu.tif;[84:86[;1;<1;NO;SSM;trunc;;;NO;;NO;;dead;NO;;2186358715;1380010414;69632;151552;0.25;40
lgxxgysz.tif;[86:88[;1;[2 : 4[;YES;SSM;neck;NO;;NO;;NO;;alive;NO;;42664651;2905836932;179030;411074;0.121398698884758;40
lh41hhtv.tif;[42:44[;1;<1;NO;SSM;arm;;;NO;;NO;;alive;NO;;3096475615;1045312804;73728;113664;0.25;40
lh65bk5z.tif;[56:58[;1;>=4;YES;LMM;forearm;NO;NO;NO;;NO;;alive;NO;;3266074950;1244030666;94208;126976;0.25;40
li1va79n.tif;[52:54[;1;<1;NO;SSM;trunc;;;NO;;NO;;alive;NO;;1870510518;717376916;69632;79872;0.25;40
li5ydekg.tif;[72:74[;1;<1;NO;SSM;forearm;;;NO;;NO;;alive;NO;;3884497721;1096450146;86016;106496;0.25;40
li8x5c6c.tif;[86:88[;2;[1 : 2[;;unclassified;face;;;NO;;NO;;alive;NO;;2348907589;324068414;49152;60416;0.25;40
lj4gqk2o.tif;[50:52[;1;;NO;SSM;arm;;;NO;;NO;;alive;NO;;3690877279;1661593668;138240;87552;0.2302131774022745;40
lj8w4vp8.tif;[26:28[;2;<1;NO;SSM;arm;;;NO;;NO;;alive;NO;;2752739743;205890712;45056;58368;0.25;40
ljbl9kuz.tif;[52:54[;2;[2 : 4[;NO;SSM;upper limb/shoulder;;NO;NO;;NO;;alive;NO;;4158429110;1174782452;94208;157696;0.25;40
ljhglzot.tif;[72:74[;1;[1 : 2[;NO;SSM;trunc;;;NO;;NO;;alive;NO;;1491503679;658439928;61440;83968;0.25;40
llb51rpl.tif;[70:72[;2;<1;NO;SSM;arm;;;NO;;NO;;alive;NO;;991991284;724600286;142080;52992;0.2302131774022745;40
lmh8aa5c.tif;[54:56[;2;[1 : 2[;NO;SSM;arm;NO;;NO;;NO;;alive;NO;;3695428506;2136842274;179030;411074;0.121398698884758;40
loe44k2l.tif;[68:70[;1;[2 : 4[;NO;NM;upper limb/shoulder;;NO;NO;;NO;;alive;NO;;3008274654;1944052730;106259;306939;0.25;40
lovefh11.tif;[62:64[;1;[2 : 4[;;SSM;trunc;YES;;NO;;NO;;alive;NO;;2197956819;2642419202;207360;103680;0.2302131774022745;40
lqjp9c7j.tif;[84:86[;2;[1 : 2[;NO;LMM;face;;;NO;;NO;;dead;NO;;2834300846;1000420530;73728;106496;0.25;40
lrbcgqxg.tif;[34:36[;1;[1 : 2[;NO;SSM;upper limb/shoulder;NO;NO;NO;;NO;;alive;NO;;654229248;941569222;106259;306939;0.25;40
lskw9n1g.tif;[46:48[;1;[1 : 2[;NO;SSM;trunc;;;NO;;NO;;alive;NO;;2976853782;1454279058;98304;115712;0.25;40
ltlksanq.tif;[68:70[;1;[1 : 2[;NO;unclassified;trunc;;;NO;;NO;;alive;NO;;3730156084;2204775580;98304;175104;0.25;40
ltr6slec.tif;[62:64[;1;[2 : 4[;NO;SSM;trunc;NO;;NO;;NO;;alive;NO;;1728206115;2128349650;94208;191488;0.25;40
ltwbgd9g.tif;[34:36[;1;<1;NO;SSM;trunc;;;NO;;NO;;alive;NO;;1547443708;936089938;126720;48384;0.2302131774022745;40
lust3lis.tif;[62:64[;1;[2 : 4[;YES;NM;upper limb/shoulder;;;YES;9.0;NO;;alive;YES;9.0;2433542968;884519612;94208;55296;0.25;40
lwwppj4l.tif;[70:72[;1;[2 : 4[;NO;NM;trunc;NO;NO;NO;;NO;;alive;NO;;1164592036;2785256748;188160;103680;0.2302131774022745;40
lxegr91r.tif;[66:68[;2;<1;NO;SSM;trunc;NO;;NO;;NO;;alive;NO;;3093655765;3716310304;179030;411074;0.121398698884758;40
lxtvtpk6.tif;[62:64[;1;[2 : 4[;YES;SSM;trunk;NO;NO;NO;;NO;;alive;NO;;2567858965;1580745728;92032;148560;0.25;40
lxyaf2xn.tif;[62:64[;1;>=4;YES;NM;upper limb/shoulder;NO;NO;YES;1.0;YES;10.0;dead;YES;1.0;2136844871;1826024908;90080;141584;0.25;40
lzvsdyz8.tif;[28:30[;2;<1;NO;SSM;leg;NO;;NO;;NO;;alive;NO;;810657043;102042834;27776;31232;0.226490306214894;40
lzx87y3b.tif;[40:42[;2;[2 : 4[;NO;unclassified;forearm;;;NO;;NO;;alive;NO;;478942421;616454600;81920;63488;0.25;40
m03aogrh.tif;[40:42[;2;<1;NO;SSM;arm;NO;;NO;;NO;;alive;NO;;4257423634;525678032;133534;65691;0.264384;40
m1l2e992.tif;[72:74[;2;[1 : 2[;NO;SSM;lower limb/hip;;;NO;;NO;;alive;NO;;2624590871;393040354;50176;59136;0.2205120289311782;40
m2djwjir.tif;[44:46[;2;<1;;SSM;leg;;;NO;;NO;;alive;NO;;1785574338;1676565590;157440;87552;0.2302131774022745;40
m2oe3tjp.tif;[54:56[;1;[2 : 4[;YES;SSM;;NO;NO;YES;13.0;NO;;alive;YES;13.0;4089378152;1552435648;86016;129024;0.25;40
m4l4hhop.tif;[88:90[;2;<1;NO;ALM;hand;;;NO;;NO;;dead;NO;;1291185342;483058702;91264;64000;0.226490306214894;40
m5222b4s.tif;[62:64[;2;>=4;YES;NM;trunc;NO;;NO;;NO;;alive;NO;;1351921032;369193300;32768;71680;0.25;40
m5515wlu.tif;[74:76[;1;[2 : 4[;NO;NM;scalp;;NO;YES;30.0;NO;;alive;YES;30.0;2020518201;2104765158;207360;103680;0.2302131774022745;40
m5xdtz4p.tif;[58:60[;2;<1;NO;SSM;lower limb/hip;;;NO;;NO;;alive;NO;;1414132122;554136716;57344;184320;0.25;40
m61do0bv.tif;[46:48[;2;[2 : 4[;NO;SSM;arm;NO;YES;NO;;NO;;alive;NO;;1271949571;627057456;61440;178176;0.25;40
m67h1lpt.tif;[66:68[;2;[1 : 2[;NO;SSM;trunc;NO;;NO;;NO;;alive;NO;;1293391629;3800678172;179030;411074;0.121398698884758;40
m6t8kek1.tif;[30:32[;2;<1;NO;SSM;trunc;NO;;NO;;NO;;alive;NO;;3010605726;2612813840;179030;411074;0.121398698884758;40
m7eds370.tif;[70:72[;1;[1 : 2[;YES;SSM;lower limb/hip;NO;;NO;;NO;;alive;NO;;340648928;579852488;137492;57732;0.263223;40
m8ixmycl.tif;[74:76[;2;<1;NO;SSM;trunc;;;NO;;NO;;dead;NO;;3565168898;1321673868;115072;89600;0.226490306214894;40
m8lolt8k.tif;[26:28[;1;[2 : 4[;YES;SSM;leg;NO;NO;NO;;NO;;alive;NO;;2287258659;1248870556;172800;69120;0.2302131774022745;40
m8staj9r.tif;[42:44[;2;<1;NO;unclassified;arm;NO;;NO;;NO;;alive;NO;;2985720606;3397182476;179030;411074;0.121398698884758;40
m9de8lfp.tif;[72:74[;2;[2 : 4[;YES;SSM;leg;NO;NO;YES;8.0;NO;;alive;YES;8.0;1164850846;569677674;77824;84992;0.25;40
maucjg2q.tif;[82:84[;1;<1;NO;SSM;forearm;NO;;NO;;NO;;dead;NO;;3478248246;1763907268;179030;411074;0.121398698884758;40
mc0wad8q.tif;[82:84[;2;;;LMM;face;;;NO;;NO;;alive;NO;;3692634056;1047415538;98304;91136;0.25;40
mc4331rw.tif;[50:52[;2;[2 : 4[;NO;SSM;sole;;;NO;;NO;;alive;NO;;824563664;1256771806;90112;105472;0.25;40
mcmicvq4.tif;[72:74[;1;<1;NO;SSM;trunk;;;NO;;NO;;dead;NO;;2548987293;614573882;57344;97280;0.25;40
mg2mmw1c.tif;[62:64[;1;[1 : 2[;NO;SSM;trunc;NO;;NO;;NO;;alive;NO;;3578844316;1423014028;176640;57600;0.2302131774022745;40
mh480tkb.tif;[68:70[;2;>=4;YES;unclassified;thigh;YES;NO;NO;;YES;51.0;dead;YES;51.0;10064547;946800776;65536;107520;0.25;40
mh8342vu.tif;[54:56[;1;[2 : 4[;NO;;trunc;NO;NO;NO;;NO;;alive;NO;;3565921120;958239904;90112;87040;0.25;40
mhcbldm3.tif;[62:64[;2;<1;NO;SSM;;NO;;NO;;NO;;alive;NO;;1739507469;649335384;164953;65491;0.264384;40
mhcm6bc6.tif;[44:46[;2;[1 : 2[;NO;unclassified;trunc;;;NO;;NO;;alive;NO;;3223096797;1758259980;98304;190464;0.25;40
mi7lxj20.tif;[60:62[;2;[1 : 2[;NO;ALM;foot;NO;;NO;;NO;;alive;NO;;2700373131;805423230;136936;71295;0.264384;40
micd4rp4.tif;[90:92[;1;[1 : 2[;NO;SSM;trunc;NO;;NO;;NO;;alive;NO;;3080080469;1308209318;88359;204649;0.242797397769517;20
mixybsp2.tif;[74:76[;2;>=4;NO;ALM;sole;;;NO;;NO;;alive;NO;;700579902;1421641498;81920;147456;0.25;40
mlibso49.tif;[56:58[;2;<1;NO;LMM;face;;;NO;;NO;;alive;NO;;1145865362;33908676;19840;17152;0.226490306214894;40
mmi2rbje.tif;[42:44[;1;[2 : 4[;NO;SSM;trunc;NO;;NO;;NO;;alive;NO;;1950816651;1221497720;130532;87505;0.264384;40
mn1uc7ly.tif;[60:62[;1;<1;NO;LMM;face;NO;;NO;;NO;;alive;NO;;3304096854;1046058080;115072;90368;0.2267830819820841;40
mn7pvie8.tif;[46:48[;2;<1;NO;SSM;leg;;;NO;;NO;;alive;NO;;3013824215;2533800300;179030;411074;0.121398698884758;40
mnzzv7ds.tif;[84:86[;1;<1;NO;SSM;trunc;NO;;NO;;NO;;dead;NO;;2925994318;398069920;36864;192512;0.25;40
mp1aikgw.tif;[72:74[;1;[2 : 4[;NO;SSM;lower limb/hip;NO;NO;NO;;NO;;alive;NO;;881455266;1523368322;106259;306939;0.25;40
mp4xkutq.tif;[58:60[;1;[1 : 2[;YES;;lower limb/hip;NO;;NO;;NO;;alive;NO;;1186269250;955068132;157979;74638;0.263223;40
mp5kp8ad.tif;[66:68[;1;[1 : 2[;YES;unclassified;arm;NO;NO;NO;;YES;44.0;alive;YES;44.0;1247727133;2246498006;179030;411074;0.121398698884758;40
mpa9obmn.tif;[48:50[;1;[1 : 2[;NO;SSM;head/neck;NO;YES;YES;43.0;YES;46.0;dead;YES;43.0;1085767678;755297062;106259;306939;0.25;40
mpuwuf4n.tif;[48:50[;2;<1;NO;SSM;trunc;;;NO;;NO;;alive;NO;;1538390403;2001271006;207360;103680;0.2302131774022745;40
mqkvpiy7.tif;[60:62[;1;[1 : 2[;NO;SSM;trunk;NO;NO;NO;;NO;;alive;NO;;63261919;1978502272;106259;306939;0.25;40
mrhn8mt5.tif;[56:58[;2;>=4;NO;NM;forearm;NO;NO;NO;;NO;;alive;NO;;2760577127;1236326734;94208;117760;0.25;40
mrr6ad1e.tif;[54:56[;1;<1;NO;SSM;trunc;;;NO;;NO;;alive;NO;;3972775232;1764366724;161280;99072;0.2302131774022745;40
mspfd6eh.tif;[64:66[;2;<1;NO;LMM;arm;;;NO;;NO;;alive;NO;;2964478878;378793294;63488;63488;0.226490306214894;40
mtxgu66j.tif;[26:28[;1;[1 : 2[;NO;NM;trunk;NO;NO;NO;;NO;;alive;NO;;2981903768;1042006380;106259;306939;0.25;40
mut49okk.tif;[36:38[;2;<1;NO;SSM;trunc;;;NO;;NO;;alive;NO;;2923480225;1925967064;207360;103680;0.2302131774022745;40
muw6gdv4.tif;[58:60[;2;<1;NO;SSM;leg;;;NO;;NO;;alive;NO;;278927118;1621107972;176640;87552;0.2302131774022745;40
mwcv47c0.tif;[42:44[;2;<1;NO;SSM;head/neck;;;NO;;NO;;;NO;;538468916;178641408;40960;43008;0.25;40
mwr9rmlg.tif;[64:66[;2;<1;;SSM;leg;;;NO;;NO;;alive;NO;;4185570352;1556724512;184320;103680;0.2302131774022745;40
mxgypg1r.tif;[74:76[;1;[1 : 2[;NO;SSM;trunc;NO;NO;NO;;NO;;alive;NO;;3441690703;2684580110;88359;204649;0.242797397769517;20
mxvwclw9.tif;[86:88[;1;[1 : 2[;NO;SSM;face;;;NO;;NO;;dead;NO;;40745287;462188632;61440;72704;0.25;40
my4nsqlw.tif;[82:84[;2;;;LMM;head/neck;;;NO;;NO;;alive;NO;;545073137;35775340;17920;16128;0.2205120289311782;40
myezn68w.tif;[26:28[;2;<1;NO;SSM;leg;YES;;NO;;NO;;alive;NO;;112746693;493080078;53248;77824;0.25;40
mzk727dn.tif;[78:80[;1;<1;NO;unclassified;trunc;NO;;NO;;NO;;alive;NO;;2199698271;3151425228;179030;411074;0.121398698884758;40
mzm41nzu.tif;[62:64[;1;>=4;YES;ALM;foot;NO;NO;YES;7.0;YES;12.0;dead;YES;7.0;2309394445;1130295362;73728;94208;0.25;40
n09kbl1k.tif;[24:26[;1;>=4;NO;SSM;trunc;NO;;NO;;NO;;alive;NO;;1873220670;3094596376;179030;411074;0.121398698884758;40
n0fkk3ji.tif;[78:80[;1;<1;NO;SSM;trunc;NO;;NO;;NO;;alive;NO;;2466593673;2300437716;179030;411074;0.121398698884758;40
n0tk4k4i.tif;[44:46[;2;[1 : 2[;YES;ALM;foot;NO;NO;YES;22.0;NO;;alive;YES;22.0;3842333612;750736898;88359;204649;0.242797397769517;20
n1ca39zc.tif;[62:64[;2;<1;;SSM;lower limb/hip;;;NO;;NO;;alive;NO;;3224667408;1314604234;86016;145408;0.25;40
n1ix74l1.tif;[64:66[;1;[1 : 2[;NO;;face;;;NO;;NO;;alive;NO;;3578113861;1251958920;90112;98304;0.25;40
n1s9uz0j.tif;[60:62[;1;[1 : 2[;NO;SSM;head/neck;NO;NO;NO;;NO;;alive;NO;;2927221564;937134538;106259;306939;0.25;40
n1uezjpo.tif;[74:76[;1;<1;NO;SSM;upper limb/shoulder;;;NO;;NO;;alive;NO;;529887229;1506321982;86016;131072;0.25;40
n1v0jlez.tif;[54:56[;2;<1;NO;ALM;hand/foot/nail;NO;;NO;;NO;;alive;NO;;3577276272;230951436;125956;33068;0.263223;40
n2em6hq2.tif;[66:68[;2;[1 : 2[;NO;SSM;lower limb/hip;;;NO;;NO;;alive;NO;;125462307;674962148;69632;102400;0.25;40
n2kw1qi5.tif;[56:58[;2;<1;NO;LMM;face;;;YES;56.0;NO;;alive;YES;56.0;1518259010;392916702;40960;88064;0.25;40
n2tjbhhy.tif;[42:44[;2;[1 : 2[;NO;SSM;arm;NO;;NO;;NO;;alive;NO;;1778970357;898967246;177561;77499;0.264384;40
n2yj1j0s.tif;[90:92[;2;[1 : 2[;YES;ALM;foot;NO;NO;YES;7.0;NO;;dead;YES;7.0;1166849233;979704660;90112;118784;0.25;40
n4les5fz.tif;[68:70[;2;[2 : 4[;NO;SSM;trunk;;YES;YES;21.0;YES;29.0;dead;YES;21.0;1090836107;891636162;121977;83589;0.263223;40
n4npkt42.tif;[46:48[;1;>=4;YES;SSM;hand/foot/nail;NO;NO;NO;;YES;7.0;dead;YES;7.0;2888270455;3394301048;179030;411074;0.121398698884758;40
n5njnh7e.tif;[56:58[;1;[2 : 4[;YES;SSM;trunk;NO;YES;NO;;NO;;dead;NO;;3169273362;1259524398;132519;85578;0.263223;40
n7jd638y.tif;[68:70[;1;[1 : 2[;NO;LMM;head/neck;;;NO;;NO;;alive;NO;;1949851255;136729436;61440;37888;0.25;40
n871w7yx.tif;[52:54[;2;[1 : 2[;YES;NM;;NO;NO;NO;;YES;22.0;dead;YES;22.0;4164500241;352383742;43648;58880;0.226490306214894;40
n9s913g4.tif;[80:82[;2;[2 : 4[;NO;NM;upper limb/shoulder;NO;NO;YES;3.0;NO;;alive;YES;3.0;2610273089;2956631566;236544;75264;0.2205120289311782;40
narl5hto.tif;[78:80[;2;<1;NO;LMM;face;;;NO;;NO;;alive;NO;;4154739387;931298238;99200;73216;0.226490306214894;40
nb7sq5ke.tif;[80:82[;2;>=4;YES;NM;trunc;NO;NO;NO;;YES;11.0;dead;YES;11.0;2904763756;934242280;90112;106496;0.25;40
nb83g9a4.tif;[42:44[;2;<1;NO;SSM;upper limb/shoulder;;;NO;;NO;;alive;NO;;2225769210;1480706474;94208;156672;0.25;40
nbd4wvm9.tif;[76:78[;2;<1;NO;SSM;forearm;NO;;NO;;NO;;alive;NO;;2752992074;2442299960;179030;411074;0.121398698884758;40
nbegx66t.tif;[72:74[;2;<1;NO;SSM;lower limb/hip;;;NO;;NO;;alive;NO;;296851790;689323192;90112;120832;0.25;40
nbvyo6ht.tif;[86:88[;2;[2 : 4[;NO;SSM;leg;;NO;NO;;YES;9.0;dead;YES;9.0;4128453403;537154448;57344;76800;0.25;40
nbxo5uxs.tif;[74:76[;1;[2 : 4[;YES;SSM;leg;;;NO;;NO;;dead;NO;;2668899563;320832462;47616;69120;0.226490306214894;40
ncwtlgly.tif;[80:82[;2;>=4;YES;SSM;trunc;NO;;YES;2.0;YES;5.0;dead;YES;2.0;487446761;1771172848;153600;94464;0.2302131774022745;40
ndglgev5.tif;[36:38[;2;<1;NO;SSM;trunc;YES;;NO;;NO;;alive;NO;;2882970919;3589510756;179030;411074;0.121398698884758;40
ndzytj69.tif;[74:76[;2;[1 : 2[;NO;SSM;leg;;;NO;;NO;;alive;NO;;978304909;1247971728;94208;102400;0.25;40
neaa0gmo.tif;[80:82[;1;<1;YES;SSM;trunc;NO;;NO;;NO;;dead;NO;;2599962159;1376438466;115200;80640;0.2302131774022745;40
nefu4f59.tif;[76:78[;1;<1;NO;SSM;trunk;NO;;NO;;NO;;alive;NO;;31226506;994960078;177074;88164;0.263223;40
nezr8bei.tif;[36:38[;1;;;;trunc;;;;;;;;NO;;546468608;1130598552;81920;160768;0.25;40
nf71rlkv.tif;[72:74[;1;;NO;LMM;face;;;NO;;NO;;dead;NO;;3852409096;105247874;28672;61440;0.25;40
nfdy7m72.tif;[32:34[;1;<1;NO;SSM;trunc;;;NO;;NO;;alive;NO;;1346621542;1731312280;81920;160768;0.25;40
nfmvgjc6.tif;[68:70[;1;<1;;LMM;face;NO;;NO;;NO;;alive;NO;;543931593;1267342620;86016;192512;0.25;40
ngwkxh6a.tif;[66:68[;2;[2 : 4[;YES;SSM;trunk;NO;NO;NO;;YES;17.0;dead;YES;17.0;4106683220;1154841172;133514;80804;0.263223;40
nh8v011o.tif;[80:82[;1;<1;NO;SSM;trunc;;;NO;;NO;;dead;NO;;3317515428;1729634102;207360;80640;0.2302131774022745;40
nhy3lqvt.tif;[58:60[;1;<1;;SSM;trunk;;;NO;;NO;;alive;NO;;2112001312;959565494;69632;197632;0.25;40
njo4ng0d.tif;[72:74[;1;<1;NO;SSM;trunc;;;NO;;NO;;alive;NO;;2055370697;3032680386;207360;103680;0.2302131774022745;40
nkhfkme9.tif;[50:52[;1;[2 : 4[;YES;unclassified;trunc;NO;;NO;;NO;;alive;NO;;2193400221;1013996970;95232;92928;0.226490306214894;40
nkpntiq1.tif;[80:82[;2;<1;NO;SSM;trunc;;;NO;;NO;;alive;NO;;3168648520;364100268;53248;64512;0.25;40
nkrqoepy.tif;[50:52[;1;<1;NO;SSM;lower limb/hip;;;NO;;NO;;alive;NO;;4199036088;522392442;43008;96768;0.2205120289311782;40
nlaolgf8.tif;[54:56[;1;[1 : 2[;NO;SSM;leg;NO;;NO;;NO;;alive;NO;;2341116344;849157674;148743;76698;0.264384;40
nmeukpme.tif;[62:64[;1;<1;YES;unclassified;trunc;;;NO;;NO;;dead;NO;;2460617090;96831884;24576;87040;0.25;40
nn0t5nw2.tif;[76:78[;2;>=4;YES;NM;head/neck;NO;NO;NO;;YES;35.0;alive;YES;35.0;3915296413;1710418616;106259;306939;0.25;40
noonhnk1.tif;[68:70[;2;>=4;YES;NM;leg;NO;NO;NO;;NO;;alive;NO;;1833515254;1612818672;94208;136192;0.25;40
nopqzfin.tif;[52:54[;1;[1 : 2[;NO;SSM;thigh;;;NO;;NO;;alive;NO;;1213341801;1269810186;90112;104448;0.25;40
nq3ruxgh.tif;[18:20[;1;[2 : 4[;NO;;face;NO;NO;YES;10.0;YES;13.0;alive;YES;10.0;2649535324;367951500;61440;55296;0.25;40
nqa4j0s4.tif;[76:78[;1;[1 : 2[;;SSM;upper limb/shoulder;;;NO;;NO;;dead;NO;;4148083287;1187038938;81920;102400;0.25;40
nqazk74i.tif;[54:56[;1;[2 : 4[;YES;NM;arm;YES;YES;NO;;YES;8.0;dead;YES;8.0;1284437010;957473576;91264;70400;0.226490306214894;40
ns4aqyb7.tif;[80:82[;2;[1 : 2[;NO;SSM;leg;;;NO;;NO;;dead;NO;;1500347652;1195771408;81920;104448;0.25;40
ns5arugh.tif;[60:62[;1;<1;NO;SSM;trunc;;;NO;;NO;;alive;NO;;1463204263;271625240;40960;73728;0.25;40
ns9oqm42.tif;[66:68[;1;>=4;YES;NM;trunc;;NO;NO;;YES;3.0;dead;YES;3.0;489358662;1387437678;81920;108544;0.25;40
nsqmgdk6.tif;[68:70[;2;<1;NO;SSM;arm;;;NO;;NO;;alive;NO;;3339742846;1266294766;94208;114688;0.25;40
nu6sdr36.tif;[18:20[;2;[1 : 2[;NO;unclassified;leg;NO;;YES;2.0;NO;;alive;YES;2.0;3248008490;667314818;69632;78848;0.25;40
nv7n6c5c.tif;[88:90[;1;<1;;LMM;face;;;NO;;NO;;dead;NO;;3070856857;1110554288;81920;96256;0.25;40
nwd3tszq.tif;[90:92[;2;[2 : 4[;YES;SSM;forearm;;;NO;;NO;;dead;NO;;927905415;1182182370;94208;125952;0.25;40
nwt3gjcn.tif;[64:66[;2;<1;NO;SSM;arm;NO;;NO;;NO;;alive;NO;;146563333;955734138;194432;73472;0.2267830819820841;40
nwxkkcrs.tif;[62:64[;1;<1;NO;SSM;leg;NO;;NO;;NO;;alive;NO;;1619590982;2387305526;179030;411074;0.121398698884758;40
nx5hmhl3.tif;[94:96[;2;[2 : 4[;YES;SSM;forearm;;;NO;;YES;16.0;dead;YES;16.0;2095322021;954055468;86016;88064;0.25;40
nx6vts2g.tif;[80:82[;1;>=4;YES;ALM;sole;NO;NO;NO;;YES;24.0;dead;YES;24.0;2975930549;1367602212;86016;138240;0.25;40
ny96phgy.tif;[82:84[;2;[2 : 4[;YES;LMM;face;NO;NO;NO;;NO;;alive;NO;;4119563424;3797400180;179030;411074;0.121398698884758;40
nya2tghq.tif;[74:76[;2;<1;NO;SSM;upper limb/shoulder;;;NO;;NO;;alive;NO;;489853543;621770894;77824;67584;0.25;40
nym6xeiu.tif;[66:68[;1;[2 : 4[;YES;NM;head/neck;NO;YES;NO;;YES;13.0;dead;YES;13.0;124847667;1744982680;90112;151552;0.25;40
nype6n0n.tif;[84:86[;2;>=4;YES;SSM;trunk;;NO;NO;;YES;17.0;dead;YES;17.0;3117627831;1405005438;114688;69888;0.2205120289311782;40
nyxn5fvd.tif;[36:38[;2;<1;NO;SSM;leg;;;NO;;NO;;alive;NO;;2036667867;1549038144;94208;103424;0.25;40
nz7tbwjl.tif;[48:50[;1;<1;NO;SSM;trunc;;;NO;;NO;;alive;NO;;3646583929;1398258300;184320;73728;0.2302131774022745;40
nzlk66b2.tif;[64:66[;2;>=4;YES;SSM;trunk;NO;YES;NO;;YES;7.0;dead;YES;7.0;420157470;994103302;92080;90944;0.25;40
nzn6d68t.tif;[50:52[;1;<1;NO;SSM;trunc;NO;;NO;;NO;;alive;NO;;1176518638;975482688;107520;76032;0.2302131774022745;40
nzzj4jxd.tif;[66:68[;1;<1;NO;SSM;arm;;;NO;;NO;;alive;NO;;487602684;737745088;65536;78848;0.25;40
o1chmnhv.tif;[44:46[;1;[1 : 2[;YES;SSM;trunk;NO;;NO;;NO;;alive;NO;;3424867981;1556579164;148233;88164;0.263223;40
o1wtf5r6.tif;[72:74[;1;[2 : 4[;NO;SSM;upper limb/shoulder;NO;NO;NO;;YES;11.0;alive;YES;11.0;176454656;1583409690;106259;306939;0.25;40
o1znowe6.tif;[56:58[;2;>=4;NO;other;trunk;YES;NO;NO;;YES;4.0;dead;YES;4.0;3637310440;1799212472;106259;306939;0.25;40
o2lzwfyl.tif;[74:76[;1;<1;NO;SSM;trunc;;;NO;;NO;;alive;NO;;2872763889;1273306010;86016;113664;0.25;40
o2vpwyez.tif;[60:62[;1;<1;NO;SSM;trunc;;;NO;;NO;;alive;NO;;799949321;2724061740;179030;411074;0.121398698884758;40
o37l6qb1.tif;[58:60[;1;<1;NO;SSM;leg;;;NO;;NO;;alive;NO;;968115227;281335300;49152;58368;0.25;40
o4c40gid.tif;[72:74[;2;[1 : 2[;YES;SSM;arm;YES;;NO;;NO;;alive;NO;;672232094;1308939206;107520;103680;0.2302131774022745;40
o61obt60.tif;[58:60[;2;<1;NO;SSM;upper limb/shoulder;NO;;NO;;NO;;alive;NO;;2330853881;929475622;78848;86016;0.2205120289311782;40
o6mp5h0d.tif;[66:68[;2;>=4;YES;SSM;leg;;;NO;;YES;28.0;dead;YES;28.0;2632861209;938715686;90112;97280;0.25;40
o6qbfsgz.tif;[42:44[;1;<1;NO;SSM;forearm;;;NO;;NO;;alive;NO;;3204754054;445618812;69632;48128;0.25;40
o7fpv0ty.tif;[36:38[;2;[1 : 2[;NO;SSM;trunc;NO;NO;YES;10.0;YES;19.0;alive;YES;10.0;4237546638;727960220;81920;73728;0.25;40
oakfogsr.tif;[78:80[;2;[1 : 2[;;LMM;face;;;NO;;NO;;alive;NO;;1460177688;1092019464;73728;122880;0.25;40
obpo1yxm.tif;[60:62[;1;<1;NO;SSM;trunc;;;NO;;NO;;alive;NO;;3285058443;2342683204;207360;103680;0.2302131774022745;40
oby4v9fe.tif;[68:70[;2;[1 : 2[;NO;SSM;trunc;;;NO;;NO;;alive;NO;;510563657;2778504368;192000;103680;0.2302131774022745;40
odsgs3w4.tif;[40:42[;2;<1;NO;SSM;arm;;;NO;;NO;;alive;NO;;2434123243;376811964;69632;54272;0.25;40
of6yyoqz.tif;[82:84[;2;<1;NO;SSM;leg;;;NO;;NO;;alive;NO;;1965295444;1630205016;94208;121856;0.25;40
ofm8kayp.tif;[62:64[;1;<1;NO;SSM;face;;;NO;;NO;;alive;NO;;3708879795;1966914842;207360;103680;0.2302131774022745;40
og0b035x.tif;[72:74[;1;<1;NO;SSM;head/neck;;;NO;;NO;;;NO;;1507474839;526762156;57344;70656;0.25;40
ohd7ppyk.tif;[34:36[;2;<1;NO;SSM;trunc;;;NO;;NO;;alive;NO;;994440862;1095624610;176640;48384;0.2302131774022745;40
oi5ey8w9.tif;[50:52[;1;<1;NO;SSM;arm;NO;;NO;;NO;;alive;NO;;2684063136;1782622908;165120;103680;0.2302131774022745;40
ojt08ym3.tif;[58:60[;1;<1;NO;SSM;trunc;;;NO;;NO;;alive;NO;;883457793;649070400;73728;76800;0.25;40
ok9t7sef.tif;[70:72[;1;<1;NO;SSM;arm;;;NO;;NO;;alive;NO;;1078823735;1243815402;98304;101376;0.25;40
okgjfv46.tif;[58:60[;1;[2 : 4[;YES;SSM;trunc;;;NO;;NO;;alive;NO;;330823153;1240112244;86016;109568;0.25;40
oklyj9ab.tif;[66:68[;1;<1;NO;SSM;trunc;;;NO;;NO;;alive;NO;;1454615025;1545127658;98304;126976;0.25;40
ol8ipt1r.tif;[64:66[;1;[1 : 2[;NO;SSM;upper limb/shoulder;;;NO;;NO;;alive;NO;;2022150085;1136734116;90112;150528;0.25;40
omjbsm09.tif;[72:74[;2;[2 : 4[;NO;SSM;head/neck;;YES;NO;;YES;49.0;dead;YES;49.0;1120406022;1359492286;111104;86016;0.2205120289311782;40
on29t3zv.tif;[74:76[;2;[2 : 4[;YES;SSM;lower limb/hip;NO;;NO;;NO;;alive;NO;;1864668073;848701748;111104;59136;0.2205120289311782;40
onigflj2.tif;[64:66[;1;[1 : 2[;NO;LMM;face;;;NO;;NO;;alive;NO;;338023195;250052812;45056;43008;0.25;40
onxdf2fq.tif;[50:52[;1;<1;NO;SSM;leg;NO;;NO;;NO;;alive;NO;;1970742128;2226725136;207360;103680;0.2302131774022745;40
oobqtc1m.tif;[36:38[;2;<1;NO;SSM;leg;NO;;NO;;NO;;alive;NO;;3407845921;546717180;108718;87505;0.264384;40
ooi809c5.tif;[80:82[;1;<1;NO;LMM;face;;;NO;;NO;;dead;NO;;1409223630;1172168880;81920;90112;0.25;40
oos4a6bk.tif;[80:82[;2;<1;NO;SSM;trunc;;;NO;;NO;;alive;NO;;2794837779;1491961390;94208;102400;0.25;40
op17o1ca.tif;[72:74[;2;<1;NO;SSM;face;;;NO;;NO;;alive;NO;;1465918515;1490160828;176640;78336;0.2302131774022745;40
ophxvfbz.tif;[76:78[;1;>=4;YES;SSM;trunc;;YES;NO;;NO;;dead;NO;;829251303;1265414604;94208;135168;0.25;40
oq8rtcs6.tif;[64:66[;2;<1;NO;SSM;arm;YES;;NO;;NO;;alive;NO;;1721666922;3437016462;179030;411074;0.121398698884758;40
ormz95zk.tif;[68:70[;2;[2 : 4[;YES;SSM;leg;NO;;NO;;NO;;dead;NO;;51117739;1713075284;90112;160768;0.25;40
os6q3rzm.tif;[42:44[;1;<1;NO;SSM;trunk;;;NO;;NO;;;NO;;2120884471;710706576;86016;86016;0.25;40
ovd4s9ql.tif;[42:44[;2;[2 : 4[;;SSM;lower limb/hip;NO;YES;YES;13.0;YES;28.0;dead;YES;13.0;3424041707;1790666408;106259;306939;0.25;40
oxad5mi6.tif;[70:72[;2;<1;NO;LMM;upper limb/shoulder;NO;;NO;;NO;;alive;NO;;2717961756;3433564326;179030;411074;0.121398698884758;40
oxk5y262.tif;[74:76[;1;<1;NO;SSM;trunk;;;NO;;NO;;alive;NO;;342129528;1145399802;220236;88164;0.263223;40
oy6nco5x.tif;[66:68[;1;[2 : 4[;YES;NM;trunc;NO;YES;YES;17.0;YES;28.0;dead;YES;17.0;3538131773;1403352576;165120;69120;0.2302131774022745;40
oytb3a6n.tif;[66:68[;1;[2 : 4[;NO;other;head/neck;;NO;NO;;NO;;alive;NO;;2880866566;172213970;55233;25620;0.251;40
ozbkmgox.tif;[62:64[;2;;;LMM;face;;;NO;;NO;;alive;NO;;3931423981;1305760542;98304;159744;0.25;40
ozcolvge.tif;[60:62[;1;>=4;YES;NM;trunc;NO;YES;NO;;NO;;alive;NO;;1084109227;2048959892;94208;157696;0.25;40
p0wgg7zd.tif;[86:88[;1;<1;NO;SSM;face;;;NO;;NO;;alive;NO;;604348474;1135453250;94208;97280;0.25;40
p1rmn3f7.tif;[76:78[;2;[2 : 4[;YES;SSM;leg;NO;;NO;;NO;;dead;NO;;563425410;2250487964;195840;101376;0.2302131774022745;40
p2f5vxih.tif;[56:58[;2;<1;NO;SSM;upper limb/shoulder;;;NO;;NO;;alive;NO;;2144985390;1130215720;86016;96768;0.2205120289311782;40
p2tncd8y.tif;[60:62[;1;[1 : 2[;NO;NM;arm;;;NO;;NO;;alive;NO;;185901870;2072933516;207360;103680;0.2302131774022745;40
p32qwpub.tif;[82:84[;2;<1;;SSM;leg;;;NO;;NO;;alive;NO;;1763674895;812205820;77824;86016;0.25;40
p3jer35k.tif;[42:44[;2;<1;NO;SSM;upper limb/shoulder;;;NO;;NO;;alive;NO;;749349809;1074305410;73728;177152;0.25;40
p3kesfn0.tif;[60:62[;1;[2 : 4[;NO;SSM;neck;NO;NO;YES;5.0;YES;11.0;alive;YES;5.0;1017142692;1044571724;77824;139264;0.25;40
p3lyj7e4.tif;[64:66[;2;<1;NO;SSM;trunc;;;NO;;NO;;alive;NO;;1994357951;622509532;61440;83968;0.25;40
p3tu8oo2.tif;[62:64[;2;<1;NO;SSM;leg;;;NO;;NO;;alive;NO;;613720094;578689968;65536;69632;0.25;40
p46zq2lg.tif;[50:52[;2;<1;NO;SSM;arm;;;NO;;NO;;alive;NO;;3047486174;2168524378;179030;411074;0.121398698884758;40
p7mp5r2a.tif;[86:88[;2;[2 : 4[;NO;SSM;trunc;;;NO;;YES;17.0;dead;YES;17.0;3686989807;1124614094;98304;109568;0.25;40
p9erjyik.tif;[60:62[;2;<1;NO;SSM;lower limb/hip;NO;NO;YES;7.0;YES;68.0;alive;YES;7.0;1433602431;1504205890;78864;181680;0.25;40
p9sguo75.tif;[34:36[;1;[1 : 2[;NO;SSM;trunc;NO;;NO;;NO;;alive;NO;;454234143;2223268414;179030;411074;0.121398698884758;40
paa5g4er.tif;[70:72[;2;>=4;NO;SSM;leg;NO;;NO;;NO;;alive;NO;;2684188426;710575396;93108;79100;0.264384;40
pax9v9pp.tif;[92:94[;2;>=4;;SSM;upper limb/shoulder;;;NO;;NO;;dead;NO;;1481949504;1023586960;86016;107520;0.25;40
pe3w8pn5.tif;[60:62[;1;[2 : 4[;NO;SSM;trunk;NO;YES;NO;;NO;;alive;NO;;1744059701;1406049654;106259;306939;0.25;40
pea8n5n1.tif;[82:84[;1;<1;NO;SSM;trunc;;;NO;;NO;;alive;NO;;1334494592;548093924;67456;66560;0.226490306214894;40
peesbo3q.tif;[68:70[;1;>=4;YES;SSM;trunk;NO;YES;YES;1.0;YES;10.0;alive;YES;1.0;1319845215;1916935416;220236;88164;0.263223;40
pege9xfr.tif;[72:74[;1;>=4;YES;NM;leg;NO;NO;NO;;YES;2.0;dead;YES;2.0;2918678781;1958033238;188160;78336;0.2302131774022745;40
pfblfatq.tif;[74:76[;1;<1;NO;unclassified;leg;;;NO;;NO;;alive;NO;;1057795860;472615758;57344;72704;0.25;40
pfe86a7t.tif;[42:44[;1;<1;;SSM;trunc;;;NO;;NO;;alive;NO;;3142011192;925696098;96000;64512;0.2302131774022745;40
pfvigysq.tif;[66:68[;1;<1;NO;SSM;trunc;;NO;NO;;YES;60.0;alive;YES;60.0;4162519896;1943718192;207360;103680;0.2302131774022745;40
pgcna06j.tif;[78:80[;1;[1 : 2[;NO;SSM;trunk;NO;NO;NO;;NO;;alive;NO;;3884552071;2505693120;106259;306939;0.25;40
phke7ezp.tif;[62:64[;1;[2 : 4[;YES;SSM;trunk;NO;NO;NO;;NO;;alive;NO;;3386942781;799496358;106259;306939;0.25;40
pi3yxkcm.tif;[46:48[;2;[1 : 2[;NO;NM;leg;NO;;YES;1.0;NO;;alive;YES;1.0;3276642033;860869612;76800;80640;0.2302131774022745;40
picekktz.tif;[68:70[;2;[1 : 2[;YES;NM;leg;YES;;NO;;NO;;alive;NO;;2897934417;1106626902;157949;87505;0.264384;40
piit82to.tif;[72:74[;1;[1 : 2[;NO;SSM;trunc;;;NO;;NO;;alive;NO;;287082516;893418072;92160;71424;0.2302131774022745;40
pikpwlfw.tif;[30:32[;2;[1 : 2[;NO;SSM;trunc;;;NO;;NO;;alive;NO;;1219475006;257951404;45056;45056;0.25;40
pjanzvrg.tif;[40:42[;2;<1;NO;SSM;leg;NO;;NO;;NO;;alive;NO;;2457015777;314996800;43648;58880;0.226490306214894;40
pjr3e9sd.tif;[78:80[;1;[1 : 2[;NO;SSM;trunc;;;NO;;NO;;alive;NO;;2545186432;1255379568;86016;159744;0.25;40
pjrr6vxc.tif;[48:50[;1;<1;NO;SSM;trunc;NO;;NO;;NO;;alive;NO;;1364961162;1152918140;87296;95744;0.226490306214894;40
pjto1e44.tif;[64:66[;2;[1 : 2[;;SSM;upper limb/shoulder;;;NO;;NO;;alive;NO;;260952084;1141896562;81920;124928;0.25;40
pkfqj0ga.tif;[78:80[;2;<1;NO;SSM;leg;NO;;NO;;NO;;alive;NO;;3931743958;2163548218;207360;103680;0.2302131774022745;40
pkzghfnk.tif;[62:64[;1;<1;;SSM;upper limb/shoulder;;;NO;;NO;;alive;NO;;4245462095;993727134;77824;133120;0.25;40
pnxmsiss.tif;[60:62[;1;[1 : 2[;NO;SSM;trunc;;;NO;;NO;;alive;NO;;3305218746;1465515798;94208;109568;0.25;40
pnyn3qnp.tif;[50:52[;1;<1;NO;SSM;arm;;;NO;;NO;;alive;NO;;375382036;2341900158;153600;99072;0.2302131774022745;40
posoxytq.tif;[64:66[;1;[2 : 4[;;other;trunk;NO;YES;NO;;YES;39.0;dead;YES;39.0;1846838616;3109347220;106259;306939;0.25;40
powgqnhr.tif;[30:32[;2;[1 : 2[;NO;SSM;trunk;YES;YES;NO;;NO;;alive;NO;;4286447650;1275244368;98304;144384;0.25;40
ppfmgi7n.tif;[40:42[;2;;NO;SSM;trunc;;;NO;;NO;;alive;NO;;2946891545;621336092;77824;83968;0.25;40
pqzb6eh6.tif;[70:72[;2;[1 : 2[;NO;ALM;head/neck;NO;NO;NO;;NO;;alive;NO;;3853407673;1294170748;98304;117760;0.25;40
prfyjl6n.tif;[60:62[;2;<1;NO;SSM;arm;;;NO;;NO;;alive;NO;;1948414600;780487052;69632;92160;0.25;40
prqnxghs.tif;[44:46[;1;<1;NO;SSM;trunc;;;NO;;NO;;alive;NO;;722636999;1264109124;86016;106496;0.25;40
ps7msmwt.tif;[66:68[;1;>=4;YES;NM;trunk;NO;NO;NO;;YES;47.0;dead;YES;47.0;2849348792;1900128482;99776;132528;0.25;40
psx2bw9l.tif;[50:52[;2;<1;NO;LMM;face;NO;NO;YES;36.0;NO;;alive;YES;36.0;2037546498;677028584;91264;69632;0.226490306214894;40
pttzvh1n.tif;[70:72[;2;<1;NO;;lower limb/hip;;;NO;;NO;;alive;NO;;2377601596;955755174;152211;81401;0.263223;40
pu22y0wc.tif;[62:64[;1;[2 : 4[;NO;NM;trunc;;YES;NO;;YES;34.0;dead;YES;34.0;3389510955;965525048;73728;102400;0.25;40
puat3rm9.tif;[58:60[;2;[2 : 4[;YES;NM;trunk;NO;NO;NO;;NO;;alive;NO;;1988192983;1605197442;106259;306939;0.25;40
pvidf1yd.tif;[46:48[;2;<1;NO;SSM;leg;;;NO;;NO;;alive;NO;;1000078137;666061092;73728;68608;0.25;40
pvmuz17g.tif;[56:58[;1;[1 : 2[;NO;SSM;trunc;NO;;NO;;NO;;alive;NO;;1683082298;924798916;146542;87505;0.264384;40
pwhuzgux.tif;[26:28[;1;[2 : 4[;NO;SSM;trunk;NO;;NO;;NO;;alive;NO;;1324663133;593704762;75264;48384;0.2205120289311782;40
px4ew061.tif;[66:68[;1;[1 : 2[;;SSM;lower limb/hip;NO;;NO;;NO;;alive;NO;;381127775;1242179792;123840;251340;0.194475138121547;40
px9us1na.tif;[84:86[;1;>=4;YES;SSM;leg;;NO;YES;4.0;YES;48.0;dead;YES;4.0;286401013;1833849408;149760;87552;0.2302131774022745;40
pxf1umcn.tif;[78:80[;2;[1 : 2[;NO;SSM;arm;NO;;NO;;NO;;alive;NO;;4270227638;1270086418;177361;85504;0.264384;40
py8wvlz8.tif;[52:54[;1;[1 : 2[;NO;SSM;trunk;;;NO;;NO;;alive;NO;;1561831591;765302542;89600;64512;0.2205120289311782;40
pyrz64zw.tif;[62:64[;2;[2 : 4[;YES;SSM;face;;NO;NO;;NO;;alive;NO;;3046277897;348179124;90112;43008;0.25;40
pz4x1c9m.tif;[76:78[;1;<1;NO;SSM;trunc;;;NO;;NO;;alive;NO;;3229090860;317274214;40960;64512;0.25;40
q0rnbyjt.tif;[60:62[;1;[2 : 4[;YES;NM;trunk;NO;NO;NO;;NO;;alive;NO;;3814115406;1539109336;98304;144384;0.25;40
q141pne1.tif;[62:64[;2;<1;NO;SSM;arm;YES;NO;YES;21.0;NO;;alive;YES;21.0;3117941122;2052866194;179030;411074;0.121398698884758;40
q1v2v1lh.tif;[74:76[;1;[2 : 4[;NO;SSM;trunc;;;NO;;NO;;alive;NO;;826464169;955236038;69632;100352;0.25;40
q37l1lqt.tif;[84:86[;2;>=4;;SSM;foot;;NO;NO;;NO;;dead;NO;;1344948764;1047144482;94208;117760;0.25;40
q3ch1990.tif;[60:62[;1;<1;NO;SSM;arm;;;NO;;NO;;alive;NO;;3008660614;2747153560;207360;103680;0.2302131774022745;40
q46n7e4n.tif;[40:42[;1;<1;NO;SSM;arm;;;NO;;NO;;alive;NO;;2808045830;443162306;130560;39168;0.2302131774022745;40
q4n9djkb.tif;[52:54[;2;<1;NO;SSM;thigh;;;NO;;NO;;alive;NO;;1650065126;605323782;57344;80896;0.25;40
q5fdkr9g.tif;[50:52[;1;[2 : 4[;NO;NM;head/neck;;;NO;;NO;;alive;NO;;3686710903;1270720240;98304;93184;0.25;40
q5olgzqe.tif;[70:72[;2;[1 : 2[;NO;SSM;upper limb/shoulder;;;YES;51.0;NO;;alive;YES;51.0;276932281;323838626;77824;37888;0.25;40
q9r8w2ud.tif;[62:64[;1;<1;NO;SSM;trunc;;;NO;;NO;;alive;NO;;3723061930;798568390;81920;82944;0.25;40
qa0z8ttj.tif;[72:74[;1;<1;NO;SSM;upper limb/shoulder;NO;;NO;;NO;;alive;NO;;3038463822;1098249386;123840;251340;0.194475138121547;40
qa31mhep.tif;[28:30[;1;[2 : 4[;YES;SSM;trunc;NO;;NO;;NO;;alive;NO;;3363475360;2466193208;149760;103680;0.2302131774022745;40
qbc0z2sl.tif;[66:68[;2;<1;NO;SSM;leg;;;NO;;NO;;dead;NO;;2056870845;771021642;65536;88064;0.25;40
qd13tjpf.tif;[48:50[;1;[1 : 2[;NO;SSM;trunc;;;NO;;NO;;alive;NO;;2863848769;737408604;65536;87040;0.25;40
qdchykiv.tif;[62:64[;1;<1;;SSM;trunk;;;NO;;NO;;alive;NO;;3938465870;1020224480;65536;118784;0.25;40
qdgmoqgg.tif;[56:58[;1;>=4;YES;SSM;arm;NO;NO;YES;68.0;NO;;alive;YES;68.0;1986237694;1450959424;90112;110592;0.25;40
qe2p0vnj.tif;[52:54[;2;[2 : 4[;NO;unclassified;forearm;NO;NO;NO;;NO;;alive;NO;;3836565076;3219690442;179030;411074;0.121398698884758;40
qe3xrmrz.tif;[54:56[;2;<1;NO;SSM;thigh;;;NO;;NO;;alive;NO;;2998613362;475998626;36864;187392;0.25;40
qea73jel.tif;[74:76[;1;[1 : 2[;NO;LMM;head/neck;;;NO;;NO;;dead;NO;;4111925857;1239414362;89600;96768;0.2205120289311782;40
qedmzbhz.tif;[60:62[;1;[1 : 2[;NO;SSM;trunc;;;NO;;NO;;alive;NO;;2562702210;1411312174;90112;111616;0.25;40
qeorocy2.tif;[60:62[;2;[1 : 2[;YES;ALM;toe;;;NO;;NO;;alive;NO;;322668432;243183996;53248;52224;0.25;40
qf1escfc.tif;[60:62[;1;<1;NO;SSM;trunc;;;NO;;NO;;alive;NO;;3845605548;1387424010;94208;116736;0.25;40
qf90ew7s.tif;[72:74[;1;[1 : 2[;NO;SSM;lower limb/hip;;;NO;;NO;;alive;NO;;3617382191;852496178;69632;107520;0.25;40
qfqz54zr.tif;[58:60[;1;<1;NO;SSM;face;;;NO;;NO;;alive;NO;;1403769694;2226794844;207360;103680;0.2302131774022745;40
qg8t9itm.tif;[68:70[;2;[1 : 2[;NO;unclassified;sole;;;NO;;YES;63.0;dead;YES;63.0;2540065090;833203678;73728;78848;0.25;40
qg8z40ga.tif;[42:44[;2;[2 : 4[;YES;NM;trunc;;;NO;;NO;;alive;NO;;734690349;1325052570;90112;149504;0.25;40
qgqs2gcx.tif;[98:100[;1;<1;NO;SSM;trunc;;;NO;;NO;;alive;NO;;330843485;2093684828;184320;87552;0.2302131774022745;40
qhw4vc8o.tif;[76:78[;2;[1 : 2[;NO;SSM;leg;;;NO;;NO;;alive;NO;;47835918;1412193848;165120;73728;0.2302131774022745;40
qivj9ay9.tif;[46:48[;2;<1;NO;unclassified;thigh;;;NO;;NO;;alive;NO;;3050723495;534971376;53248;79872;0.25;40
qkrr59uj.tif;[74:76[;2;>=4;YES;NM;trunk;;YES;NO;;NO;;dead;NO;;3317740065;1792769988;70576;115072;0.25;40
qkt5q1n9.tif;[78:80[;1;<1;NO;SSM;arm;NO;;NO;;NO;;dead;NO;;799657769;1713647754;115200;103680;0.2302131774022745;40
ql21gc48.tif;[74:76[;2;>=4;YES;NM;hand/foot/nail;;;NO;;NO;;alive;NO;;297182250;1056574990;86224;146176;0.25;40
qlka7ygz.tif;[66:68[;2;[2 : 4[;YES;LMM;head/neck;;;NO;;YES;70.0;dead;YES;70.0;255905508;1531347478;132608;80640;0.2205120289311782;40
qmle7cjk.tif;[60:62[;2;<1;NO;SSM;leg;;;NO;;NO;;alive;NO;;840061569;52531400;23808;22272;0.226490306214894;40
qmsqv731.tif;[62:64[;2;[1 : 2[;NO;SSM;leg;NO;;NO;;NO;;alive;NO;;2476434337;178466140;140738;30269;0.264384;40
qo3x4h7f.tif;[68:70[;2;<1;NO;SSM;upper limb/shoulder;NO;;NO;;NO;;alive;NO;;2391555588;532844012;75264;48384;0.2205120289311782;40
qoiq5h7l.tif;[60:62[;1;[1 : 2[;NO;SSM;trunc;NO;NO;NO;;YES;39.0;alive;YES;39.0;4057015539;1670295920;94208;183296;0.25;40
qotuwrho.tif;[74:76[;1;<1;NO;SSM;thigh;;;NO;;NO;;dead;NO;;505153969;1061305054;81920;164864;0.25;40
qp6pnl3e.tif;[64:66[;1;>=4;NO;NM;lower limb/hip;NO;YES;NO;;NO;;alive;NO;;838777324;1182919726;106259;306939;0.25;40
qpbyhjj8.tif;[34:36[;2;<1;NO;unclassified;trunc;NO;;NO;;NO;;alive;NO;;795403023;3549725296;179030;411074;0.121398698884758;40
qpga2pih.tif;[42:44[;2;<1;NO;SSM;trunc;;;NO;;NO;;alive;NO;;2493277854;2283412796;207360;103680;0.2302131774022745;40
qpmevu5z.tif;[64:66[;2;<1;NO;SSM;leg;NO;;NO;;NO;;alive;NO;;4205220028;736063938;113121;87505;0.264384;40
qpoutu5y.tif;[80:82[;2;<1;NO;SSM;thigh;NO;;NO;;NO;;alive;NO;;4176960931;2906507412;179030;411074;0.121398698884758;40
qr9c7foh.tif;[70:72[;1;<1;NO;SSM;leg;;;NO;;NO;;alive;NO;;58794532;524287156;57344;68608;0.25;40
qrimite8.tif;[48:50[;2;<1;NO;SSM;trunc;NO;;NO;;NO;;alive;NO;;2424791587;2632766308;179030;411074;0.121398698884758;40
qsfn75vk.tif;[60:62[;2;<1;NO;SSM;thigh;NO;;NO;;NO;;alive;NO;;2604075065;2716798824;179030;411074;0.121398698884758;40
qsza4coh.tif;[90:92[;2;[1 : 2[;NO;LMM;face;NO;;NO;;NO;;alive;NO;;1541795099;1042691978;115072;100608;0.226490306214894;40
qszkuo6w.tif;[56:58[;2;[1 : 2[;NO;SSM;thigh;YES;NO;YES;18.0;NO;;alive;YES;18.0;3867245292;796635016;94208;108544;0.25;40
qt5oitwk.tif;[54:56[;2;[2 : 4[;NO;LMM;neck;;;NO;;NO;;alive;NO;;1485417701;1289426218;90112;104448;0.25;40
qt95oxul.tif;[58:60[;1;<1;NO;SSM;trunc;NO;;NO;;NO;;alive;NO;;3175094965;3836406668;179030;411074;0.121398698884758;40
qtbqbfn2.tif;[64:66[;2;<1;NO;SSM;face;;;NO;;NO;;alive;NO;;124472933;161329100;32768;35840;0.25;40
qunnc3rq.tif;[84:86[;2;<1;NO;ALM;hand;;;NO;;NO;;alive;NO;;175235353;546069658;61440;60416;0.25;40
qur215sg.tif;[58:60[;1;<1;NO;SSM;arm;NO;;NO;;NO;;alive;NO;;2077989292;437893638;57344;72704;0.25;40
qv75b8qr.tif;[56:58[;1;>=4;NO;SSM;lower limb/hip;NO;YES;YES;24.0;NO;;alive;YES;24.0;2663353523;1352662012;100352;86016;0.2205120289311782;40
qvfi2f2q.tif;[52:54[;2;<1;NO;SSM;thigh;;;NO;;NO;;alive;NO;;3764005376;1469194144;98304;112640;0.25;40
qvp7hs86.tif;[42:44[;1;<1;NO;SSM;trunc;YES;;NO;;NO;;alive;NO;;2537843423;3339331852;179030;411074;0.121398698884758;40
qvpqndke.tif;[56:58[;1;[1 : 2[;NO;;lower limb/hip;NO;;NO;;NO;;alive;NO;;1900251325;866151692;157979;64693;0.263223;40
qvz2kw70.tif;[82:84[;1;[2 : 4[;;LMM;face;;;NO;;NO;;dead;NO;;1977230198;86252842;24576;19456;0.25;40
qw26pe92.tif;[80:82[;2;;;ALM;hand;;;NO;;NO;;alive;NO;;4283787592;1224396826;134912;99840;0.226490306214894;40
qw92g7kn.tif;[88:90[;2;<1;NO;LMM;face;;;NO;;NO;;dead;NO;;3615428509;1095062136;157440;87552;0.2302131774022745;40
qxac5n0c.tif;[68:70[;2;[1 : 2[;NO;SSM;lower limb/hip;NO;NO;NO;;NO;;alive;NO;;4052981910;1246200490;106259;306939;0.25;40
qxnq0rro.tif;[58:60[;2;[1 : 2[;YES;SSM;leg;YES;;NO;;NO;;alive;NO;;1997080904;1742039862;176640;92160;0.2302131774022745;40
qyx4btev.tif;[52:54[;2;<1;NO;SSM;arm;;;NO;;NO;;alive;NO;;237360692;2463580848;207360;103680;0.2302131774022745;40
qz15zv1i.tif;[54:56[;2;<1;NO;SSM;trunk;;;NO;;NO;;alive;NO;;3757756999;2565618650;179030;411074;0.121398698884758;40
qz9gotki.tif;[66:68[;1;;NO;SSM;arm;;;NO;;NO;;alive;NO;;815734196;205089648;40960;49152;0.25;40
qzyw50pz.tif;[58:60[;2;>=4;NO;NM;upper limb/shoulder;NO;NO;NO;;YES;30.0;dead;YES;30.0;3526068727;1922427122;94208;178176;0.25;40
r0cnzmlj.tif;[82:84[;1;>=4;NO;LMM;neck;;NO;YES;17.0;NO;;alive;YES;17.0;3054169549;1289901112;77824;101376;0.25;40
r16qa9t2.tif;[72:74[;2;<1;NO;SSM;neck;NO;;NO;;NO;;alive;NO;;1350112420;2873451926;179030;411074;0.121398698884758;40
r1hqpndi.tif;[40:42[;1;[1 : 2[;NO;NM;trunk;;YES;NO;;NO;;alive;NO;;1062347644;1553001038;90112;152576;0.25;40
r28agcoc.tif;[56:58[;2;[2 : 4[;NO;SSM;trunc;NO;;NO;;NO;;alive;NO;;2457607687;973646064;88359;204649;0.242797397769517;20
r28qbcah.tif;[54:56[;2;[1 : 2[;NO;SSM;trunc;;;NO;;NO;;alive;NO;;2373392191;1117690488;77824;108544;0.25;40
r38y4cu9.tif;[48:50[;2;<1;NO;SSM;arm;;;NO;;NO;;alive;NO;;1004579603;238713792;47616;38912;0.226490306214894;40
r3rqmby1.tif;[58:60[;2;[1 : 2[;NO;SSM;arm;NO;;NO;;NO;;alive;NO;;2510079290;2286079256;179030;411074;0.121398698884758;40
r4hd0m3w.tif;[70:72[;2;<1;NO;SSM;forearm;;;NO;;NO;;dead;NO;;1262243059;1190857988;86016;101376;0.25;40
r8cj17j9.tif;[86:88[;1;>=4;YES;LMM;head/neck;;;NO;;YES;22.0;dead;YES;22.0;2570066918;2646360766;164864;86016;0.2205120289311782;40
r8h8bne2.tif;[68:70[;1;[1 : 2[;YES;SSM;trunk;NO;NO;YES;5.0;NO;;alive;YES;5.0;931221153;1438420410;106259;306939;0.25;40
ra7on49j.tif;[60:62[;2;;;;arm;;;;;;;;NO;;771656742;1018501142;77824;111616;0.25;40
rafm4qnj.tif;[34:36[;1;[2 : 4[;YES;NM;trunk;NO;YES;NO;;YES;47.0;dead;YES;47.0;3522908602;1138290978;106259;306939;0.25;40
rbimwwjf.tif;[66:68[;1;<1;NO;SSM;trunc;YES;;NO;;NO;;alive;NO;;926555251;2817248200;207360;103680;0.2302131774022745;40
rd6mxc1o.tif;[70:72[;2;;NO;SSM;trunc;;;NO;;NO;;alive;NO;;3110061373;295889358;32768;90112;0.25;40
rdslu5i5.tif;[72:74[;1;[1 : 2[;YES;SSM;arm;;;NO;;NO;;alive;NO;;364838016;2708311624;207360;103680;0.2302131774022745;40
rdvuvi1x.tif;[66:68[;2;[1 : 2[;NO;other;lower limb/hip;NO;NO;NO;;NO;;alive;NO;;840410842;1056155788;106259;306939;0.25;40
retnlce0.tif;[38:40[;2;<1;NO;SSM;leg;;;NO;;NO;;alive;NO;;3817828537;894748362;86016;97280;0.25;40
rf6mpkqq.tif;[50:52[;2;<1;NO;SSM;trunc;NO;;NO;;NO;;alive;NO;;2410053931;2435275142;207360;103680;0.2302131774022745;40
rfhg56pi.tif;[66:68[;2;[1 : 2[;NO;SSM;face;;;NO;;NO;;alive;NO;;1944124407;1075659904;77824;104448;0.25;40
rgsx5t1o.tif;[66:68[;2;[1 : 2[;;other;head/neck;NO;NO;YES;30.0;YES;74.0;dead;YES;30.0;1629898669;1612795246;98304;207872;0.25;40
rgxs6jj0.tif;[62:64[;2;[1 : 2[;NO;SSM;foot;;;NO;;NO;;alive;NO;;78955518;1775846800;168960;85248;0.2302131774022745;40
rhzddoik.tif;[48:50[;2;[1 : 2[;NO;SSM;arm;NO;;NO;;NO;;alive;NO;;3353367873;1830899120;88359;204649;0.242797397769517;20
ripqadf9.tif;[74:76[;2;[1 : 2[;NO;SSM;leg;;;NO;;NO;;alive;NO;;76197055;644604226;69632;84992;0.25;40
rk3k4z3d.tif;[64:66[;2;[1 : 2[;NO;SSM;trunk;NO;YES;NO;;NO;;alive;NO;;1417458976;1445615294;106259;306939;0.25;40
rkiwm2vt.tif;[50:52[;2;[1 : 2[;NO;SSM;trunc;NO;;NO;;NO;;alive;NO;;2909772214;784401112;165754;74697;0.264384;40
rlhl17ol.tif;[52:54[;2;<1;NO;SSM;thigh;NO;;NO;;NO;;alive;NO;;1599866746;980622630;175560;87505;0.264384;40
rmtvmdto.tif;[68:70[;1;<1;NO;SSM;trunc;;;NO;;NO;;alive;NO;;536695755;1139843698;191970;86104;0.264384;40
rmumaivg.tif;[84:86[;1;[2 : 4[;YES;unclassified;leg;NO;;NO;;NO;;alive;NO;;2357391240;538940722;75392;70400;0.226490306214894;40
rnfr5uz4.tif;[66:68[;1;<1;NO;SSM;neck;;;NO;;NO;;alive;NO;;2029832960;1201409132;77824;109568;0.25;40
roe2ys04.tif;[82:84[;1;;NO;LMM;head/neck;NO;;NO;;NO;;alive;NO;;1712267377;1595822246;125440;86016;0.2205120289311782;40
rogyhl5b.tif;[64:66[;2;<1;NO;SSM;arm;;;NO;;NO;;alive;NO;;434377799;1575298208;168960;85248;0.2302131774022745;40
roh79td2.tif;[90:92[;2;[1 : 2[;NO;SSM;upper limb/shoulder;;;NO;;NO;;dead;NO;;3296101538;1292385034;90112;130048;0.25;40
rpx5d2nw.tif;[68:70[;1;>=4;YES;NM;trunc;;YES;NO;;YES;14.0;dead;YES;14.0;4109484063;952738312;90112;89088;0.25;40
rqumqnfp.tif;[46:48[;1;[1 : 2[;NO;SSM;trunc;NO;;NO;;NO;;alive;NO;;1294832049;591027450;55085;87505;0.264384;40
rr2jx9as.tif;[22:24[;1;[1 : 2[;NO;unclassified;trunc;NO;;NO;;NO;;alive;NO;;2085341479;4175597278;179030;411074;0.121398698884758;40
rr4gq7zb.tif;[76:78[;2;<1;NO;SSM;leg;NO;;NO;;NO;;alive;NO;;1766223951;897459140;186496;91904;0.2267830819820841;40
rsbkkdkr.tif;[44:46[;1;[1 : 2[;;unclassified;leg;YES;YES;YES;7.0;YES;14.0;dead;YES;7.0;727527581;206423982;49152;33792;0.25;40
rslflp8w.tif;[24:26[;2;[2 : 4[;NO;SSM;trunc;;;NO;;NO;;alive;NO;;4109234817;1635495906;94208;118784;0.25;40
rt7rpthx.tif;[72:74[;1;[2 : 4[;YES;SSM;trunc;NO;NO;NO;;NO;;dead;NO;;2538582186;877211312;61440;107520;0.25;40
rt8wrl8w.tif;[86:88[;1;[2 : 4[;NO;LMM;arm;YES;;NO;;NO;;alive;NO;;4122355543;1095705476;107136;80384;0.226490306214894;40
rt8ylisp.tif;[24:26[;1;<1;NO;SSM;face;;;NO;;NO;;alive;NO;;3166202519;194682134;43648;39680;0.226490306214894;40
rt968lmp.tif;[70:72[;2;[1 : 2[;YES;NM;face;NO;NO;NO;;NO;;alive;NO;;2895613588;284038548;81920;38912;0.25;40
rvcox90o.tif;[64:66[;2;[1 : 2[;NO;SSM;hand/foot/nail;NO;;NO;;NO;;alive;NO;;498146230;1376445458;95920;135040;0.25;40
rvpjzb7e.tif;[78:80[;2;>=4;YES;NM;upper limb/shoulder;NO;YES;YES;31.0;NO;;dead;YES;31.0;2536277658;758212838;86016;59136;0.2205120289311782;40
rwkoln08.tif;[78:80[;1;<1;NO;SSM;trunc;;;NO;;NO;;alive;NO;;2578050978;873802828;94208;74752;0.25;40
rx75n2v1.tif;[50:52[;1;[1 : 2[;NO;SSM;trunc;YES;;NO;;NO;;alive;NO;;404974649;3095420992;179030;411074;0.121398698884758;40
rzfkia6g.tif;[44:46[;1;[1 : 2[;YES;SSM;trunc;NO;NO;NO;;NO;;alive;NO;;1328880935;420741224;53248;66560;0.25;40
rzj25srl.tif;[38:40[;1;[2 : 4[;YES;NM;trunk;;YES;YES;33.0;YES;95.0;alive;YES;33.0;572642501;917719448;80336;118272;0.25;40
rztx7eee.tif;[64:66[;1;<1;NO;SSM;trunc;;;NO;;NO;;dead;NO;;250527852;895035380;69632;113664;0.25;40
rzzqzh42.tif;[68:70[;2;<1;;ALM;finger;NO;;NO;;NO;;alive;NO;;2275167454;223814694;110519;42076;0.264384;40
s0sm8n5e.tif;[56:58[;1;<1;NO;SSM;face;;;NO;;NO;;alive;NO;;1441242143;1251885948;192000;59904;0.2302131774022745;40
s1qngl1a.tif;[64:66[;1;[1 : 2[;NO;SSM;upper limb/shoulder;NO;NO;NO;;NO;;alive;NO;;2115925969;1149389786;106259;306939;0.25;40
s23bhalr.tif;[80:82[;2;[2 : 4[;NO;other;lower limb/hip;;;NO;;NO;;dead;NO;;2848556227;680271878;120983;72053;0.263223;40
s2bewme8.tif;[44:46[;1;<1;NO;SSM;foot;NO;;NO;;NO;;alive;NO;;78257878;777000248;130944;79872;0.2267830819820841;40
s2ufpyws.tif;[24:26[;1;[1 : 2[;NO;SSM;trunc;NO;YES;NO;;YES;30.0;alive;YES;30.0;471078108;2532464196;180480;94464;0.2302131774022745;40
s346wd5e.tif;[62:64[;2;<1;NO;SSM;arm;;;NO;;NO;;alive;NO;;253031539;571970022;77824;54272;0.25;40
s3xs50rd.tif;[18:20[;1;[1 : 2[;NO;SSM;trunc;YES;;NO;;NO;;alive;NO;;1981499746;1451685160;103680;96768;0.2302131774022745;40
s3z9r5q9.tif;[70:72[;1;[2 : 4[;YES;ALM;foot;NO;NO;YES;6.0;YES;14.0;dead;YES;6.0;3768826706;1372901798;94208;144384;0.25;40
s4cm9bva.tif;[30:32[;2;<1;NO;SSM;trunc;;;NO;;NO;;alive;NO;;1362547292;2573879786;207360;103680;0.2302131774022745;40
s4jvxvh0.tif;[48:50[;1;[2 : 4[;NO;SSM;trunc;NO;;NO;;NO;;alive;NO;;3837482014;989229792;130532;82102;0.264384;40
s4xs6gtk.tif;[48:50[;1;[2 : 4[;YES;SSM;head/neck;NO;;NO;;NO;;alive;NO;;1210530818;996589862;118272;53760;0.2205120289311782;40
s583guz8.tif;[48:50[;2;<1;NO;SSM;trunc;NO;;NO;;NO;;alive;NO;;3893966325;826652368;126720;59904;0.2302131774022745;40
s7s0rf6o.tif;[46:48[;1;<1;NO;SSM;trunc;NO;;NO;;NO;;alive;NO;;3472553836;2746571438;179030;411074;0.121398698884758;40
s8zzts43.tif;[74:76[;1;<1;NO;unclassified;trunc;NO;;NO;;NO;;dead;NO;;1557874738;3592303016;179030;411074;0.121398698884758;40
saizsphd.tif;[70:72[;2;[2 : 4[;NO;unclassified;trunc;NO;;NO;;NO;;alive;NO;;2620586746;655267788;135735;75297;0.264384;40
sazhup7j.tif;[50:52[;1;[2 : 4[;YES;other;trunk;YES;NO;NO;;NO;;alive;NO;;1084548563;2203835992;106259;306939;0.25;40
sbo83c5q.tif;[76:78[;2;<1;NO;SSM;trunc;NO;;NO;;NO;;alive;NO;;402147713;3922230694;179030;411074;0.121398698884758;40
seo6opkh.tif;[62:64[;1;<1;NO;SSM;trunc;;;NO;;NO;;alive;NO;;2737734963;1157768258;73728;106496;0.25;40
sf4u1s9p.tif;[72:74[;2;[1 : 2[;YES;ALM;foot;NO;;NO;;NO;;alive;NO;;302799616;1476320740;134912;85504;0.226490306214894;40
sgas6ac0.tif;[56:58[;2;[1 : 2[;YES;SSM;trunc;NO;;NO;;NO;;alive;NO;;2550270574;468411652;76498;77298;0.264384;40
sgfq6zfu.tif;[66:68[;2;[1 : 2[;YES;SSM;seat;NO;YES;NO;;NO;;alive;NO;;1761186304;528773694;61440;82944;0.25;40
sgh0sfm3.tif;[44:46[;2;<1;NO;ALM;;NO;;NO;;NO;;alive;NO;;3313951596;432542458;32256;102144;0.2205120289311782;40
sgm731x6.tif;[46:48[;2;[1 : 2[;NO;SSM;lower limb/hip;NO;YES;NO;;NO;;alive;NO;;2014134791;1280125780;106259;306939;0.25;40
sgr441cr.tif;[44:46[;1;<1;NO;SSM;trunc;NO;;NO;;NO;;alive;NO;;3635575690;3813151052;179030;411074;0.121398698884758;40
sgud7ls6.tif;[74:76[;1;<1;NO;SSM;neck;NO;;NO;;NO;;alive;NO;;783152331;1034970004;88359;204649;0.242797397769517;20
shcuk10p.tif;[46:48[;2;[2 : 4[;YES;SSM;arm;NO;NO;NO;;YES;19.0;dead;YES;19.0;4002712894;1049140652;86016;118784;0.25;40
shk81e70.tif;[54:56[;2;[1 : 2[;NO;SSM;arm;NO;YES;NO;;NO;;alive;NO;;1500961073;615204312;61440;115712;0.25;40
sins3xy4.tif;[52:54[;1;<1;NO;SSM;arm;;;NO;;NO;;alive;NO;;2662122869;528777738;49152;125952;0.25;40
sjp22hrd.tif;[78:80[;1;[2 : 4[;YES;SSM;trunc;;;NO;;NO;;dead;NO;;3895988600;1502995276;94208;120832;0.25;40
sjuxqjpa.tif;[50:52[;1;<1;NO;SSM;trunc;NO;;NO;;NO;;alive;NO;;1403243584;1590687282;88359;204649;0.242797397769517;20
skcx3we2.tif;[66:68[;1;[2 : 4[;NO;SSM;;;;NO;;NO;;alive;NO;;3478699416;632944592;65536;83968;0.25;40
sl9i4hdm.tif;[62:64[;1;>=4;YES;SSM;upper limb/shoulder;;YES;YES;28.0;YES;32.0;dead;YES;28.0;3259612680;1311225056;132608;69888;0.2205120289311782;40
slzglf95.tif;[74:76[;1;>=4;YES;NM;lower limb/hip;NO;YES;NO;;NO;;dead;NO;;969773278;1949262018;94208;159744;0.25;40
smln7egs.tif;[62:64[;2;<1;NO;SSM;trunc;YES;;NO;;NO;;alive;NO;;1646366159;610686846;61440;77824;0.25;40
soe1ljui.tif;[62:64[;2;<1;NO;SSM;leg;;;NO;;NO;;alive;NO;;2458182184;286569394;45056;51200;0.25;40
sp14j73t.tif;[82:84[;1;[1 : 2[;NO;SSM;trunc;;;NO;;NO;;alive;NO;;1377728785;1488535860;69632;184320;0.25;40
spey3rnt.tif;[56:58[;2;[2 : 4[;NO;SSM;trunc;NO;;NO;;NO;;alive;NO;;4227780029;2713548886;192000;103680;0.2302131774022745;40
srxp1lva.tif;[40:42[;1;<1;NO;SSM;arm;;;NO;;NO;;alive;NO;;1851162278;403148926;57344;64512;0.25;40
ss4h3vw4.tif;[64:66[;1;<1;NO;SSM;neck;;;NO;;NO;;alive;NO;;365701865;940222304;69632;91136;0.25;40
ss8m9z7l.tif;[94:96[;2;>=4;YES;NM;foot;NO;;NO;;NO;;dead;NO;;3427286386;1288364714;99200;81408;0.226490306214894;40
su4n92ve.tif;[40:42[;2;[2 : 4[;NO;SSM;leg;NO;;NO;;NO;;alive;NO;;2233107609;1498102712;198400;108288;0.2267830819820841;40
su7l5yu0.tif;[80:82[;2;<1;NO;SSM;arm;NO;;NO;;NO;;alive;NO;;3990458802;916603912;122727;83102;0.264384;40
su7vd2lt.tif;[66:68[;1;<1;NO;SSM;leg;;;NO;;NO;;alive;NO;;1361130553;1123021838;149760;80640;0.2302131774022745;40
sunb4nt5.tif;[46:48[;2;<1;NO;SSM;trunc;YES;;NO;;NO;;alive;NO;;1015509192;2606763714;179030;411074;0.121398698884758;40
suruqis9.tif;[44:46[;2;[2 : 4[;NO;SSM;thigh;NO;;NO;;NO;;alive;NO;;2896529444;1123318938;88359;204649;0.242797397769517;20
svbvq7kl.tif;[66:68[;1;[1 : 2[;NO;SSM;face;;;NO;;NO;;alive;NO;;3130542368;1136324508;77824;102400;0.25;40
svz8uy7h.tif;[84:86[;1;>=4;YES;SSM;face;;;NO;;NO;;dead;NO;;1670261082;1493671560;94208;97280;0.25;40
sw665lm3.tif;[54:56[;2;<1;NO;SSM;arm;YES;;NO;;NO;;alive;NO;;3672126043;1975364370;207360;103680;0.2302131774022745;40
swqy5kag.tif;[46:48[;2;<1;NO;SSM;leg;NO;;NO;;NO;;alive;NO;;987788079;951973300;88359;204649;0.242797397769517;20
swvd6xua.tif;[50:52[;1;[1 : 2[;NO;SSM;trunc;;;NO;;NO;;alive;NO;;2756430618;1273875942;103168;99840;0.226490306214894;40
sx9xdn4x.tif;[52:54[;1;>=4;YES;NM;trunc;NO;NO;YES;1.0;YES;8.0;dead;YES;1.0;1061180264;1421260788;98304;117760;0.25;40
sxdun437.tif;[74:76[;1;<1;NO;SSM;trunc;;;NO;;NO;;alive;NO;;783666670;1677125026;180480;92160;0.2302131774022745;40
sy3z8ynh.tif;[52:54[;2;<1;NO;ALM;hand;NO;;NO;;NO;;alive;NO;;2642322384;2754247440;179030;411074;0.121398698884758;40
sycpjk8q.tif;[64:66[;1;<1;;LMM;face;;;NO;;NO;;alive;NO;;1266434513;1021393830;77824;100352;0.25;40
szj8lh2z.tif;[36:38[;1;>=4;YES;SSM;head/neck;;NO;NO;;YES;0.0;alive;YES;0.0;2307259821;1444110592;125956;85976;0.263223;40
t013dhcf.tif;[58:60[;1;<1;NO;SSM;arm;NO;;NO;;NO;;alive;NO;;2246567691;1030465250;184766;68893;0.264384;40
t10xti1l.tif;[48:50[;1;[2 : 4[;YES;ALM;hand/foot/nail;NO;NO;NO;;YES;76.0;dead;YES;76.0;3942932917;554272208;69632;72704;0.25;40
t1bsrqwq.tif;[74:76[;1;<1;NO;SSM;trunc;;;NO;;NO;;alive;NO;;421612482;771925380;65536;104448;0.25;40
t21fqqgv.tif;[72:74[;2;<1;NO;SSM;forearm;;;NO;;NO;;alive;NO;;1723408488;1221488356;86016;101376;0.25;40
t2uxn7m3.tif;[72:74[;2;<1;NO;SSM;trunc;;;NO;;NO;;alive;NO;;1214834075;2175303916;207360;96768;0.2302131774022745;40
t4jcxfx7.tif;[60:62[;1;[2 : 4[;NO;LMM;face;NO;YES;NO;;YES;18.0;dead;YES;18.0;1019048450;880746016;94208;99328;0.25;40
t4quj9e7.tif;[94:96[;1;>=4;;;head/neck;;;NO;;NO;;dead;NO;;452374057;399098834;65536;79872;0.25;40
t50czd62.tif;[58:60[;1;[1 : 2[;NO;SSM;trunk;NO;NO;NO;;NO;;alive;NO;;173850164;2152550804;106259;306939;0.25;40
t52kas0r.tif;[76:78[;1;<1;NO;SSM;trunc;NO;;NO;;NO;;alive;NO;;576922327;1594754960;90112;109568;0.25;40
t5hwwc6j.tif;[70:72[;1;>=4;NO;NM;face;;;NO;;NO;;alive;NO;;1252101193;1321225888;98304;123904;0.25;40
t5n1qfg1.tif;[64:66[;1;>=4;YES;SSM;thigh;NO;YES;YES;8.0;NO;;alive;YES;8.0;1495322351;1269959198;94208;115712;0.25;40
t5ua11qv.tif;[68:70[;1;<1;NO;SSM;trunc;;;NO;;NO;;alive;NO;;1407474684;1670742000;165120;85248;0.2302131774022745;40
t6kcc8ld.tif;[64:66[;1;<1;NO;unclassified;trunc;NO;;NO;;NO;;alive;NO;;52658808;2444318310;179030;411074;0.121398698884758;40
t8r6hdlt.tif;[48:50[;2;[1 : 2[;YES;SSM;trunc;NO;YES;NO;;NO;;alive;NO;;1434695397;1908824616;161280;92160;0.2302131774022745;40
tapejum0.tif;[68:70[;2;<1;NO;SSM;forearm;;;NO;;NO;;dead;NO;;1055484925;891423948;81920;89088;0.25;40
tbeentns.tif;[46:48[;2;<1;NO;SSM;leg;;;NO;;NO;;alive;NO;;2440463519;1018258914;77824;112640;0.25;40
tdb0zem7.tif;[82:84[;1;[2 : 4[;NO;SSM;trunc;NO;;NO;;NO;;alive;NO;;765200221;4198582882;179030;411074;0.121398698884758;40
tecm42k2.tif;[64:66[;2;[1 : 2[;;SSM;upper limb/shoulder;;;NO;;NO;;alive;NO;;2307989979;638673506;57344;91392;0.2205120289311782;40
tedkh18d.tif;[48:50[;2;<1;NO;SSM;lower limb/hip;NO;NO;NO;;NO;;alive;NO;;641762760;1330209800;98304;153600;0.25;40
tf60ia6t.tif;[38:40[;1;<1;NO;SSM;leg;;;NO;;NO;;alive;NO;;3943503883;432788854;57344;63488;0.25;40
tg2982hs.tif;[46:48[;1;[1 : 2[;NO;SSM;leg;;;NO;;NO;;alive;NO;;609900497;1387969870;90112;112640;0.25;40
tgqmwus4.tif;[54:56[;1;[2 : 4[;YES;NM;trunc;NO;YES;NO;;YES;48.0;dead;YES;48.0;3979883301;1597527280;165120;69120;0.2302131774022745;40
tgxn2tf0.tif;[66:68[;1;[1 : 2[;NO;SSM;trunc;;;NO;;NO;;alive;NO;;2291077043;2905483328;176128;117760;0.25;40
thqg1acr.tif;[66:68[;2;<1;NO;SSM;leg;;;NO;;NO;;alive;NO;;1273460972;1114722302;153600;69120;0.2302131774022745;40
tijrgq43.tif;[82:84[;1;<1;NO;SSM;;NO;YES;NO;;YES;41.0;dead;YES;41.0;694381017;3783578916;179030;411074;0.121398698884758;40
tikyd7k0.tif;[46:48[;2;[1 : 2[;NO;SSM;hand/foot/nail;NO;YES;NO;;NO;;alive;NO;;4082681254;1370970294;75264;112896;0.2205120289311782;40
tjtjxxyu.tif;[58:60[;2;[1 : 2[;NO;SSM;upper limb/shoulder;NO;YES;NO;;NO;;alive;NO;;1824551607;1915122288;106259;306939;0.25;40
tk092hw9.tif;[34:36[;1;<1;YES;SSM;trunk;YES;;NO;;NO;;alive;NO;;2523000399;1993706722;189605;88164;0.263223;40
tk6uz040.tif;[44:46[;1;<1;NO;SSM;trunc;NO;;NO;;NO;;alive;NO;;3747533507;507822278;71424;59648;0.226490306214894;40
tk9h5ly3.tif;[68:70[;1;[1 : 2[;NO;SSM;upper limb/shoulder;;;NO;;NO;;alive;NO;;3695584103;975619846;86016;126976;0.25;40
tl4jo6n2.tif;[62:64[;1;>=4;YES;ALM;hand/foot/nail;NO;YES;YES;29.0;NO;;dead;YES;29.0;3360433032;1429467348;121856;80640;0.2205120289311782;40
tldfuo9h.tif;[30:32[;2;<1;NO;SSM;trunc;YES;;NO;;NO;;alive;NO;;3775970907;770988988;73728;88064;0.25;40
tlvavx63.tif;[62:64[;2;[2 : 4[;NO;SSM;arm;YES;;NO;;NO;;dead;NO;;2978035791;224176302;53248;50176;0.25;40
tm0ka0lq.tif;[44:46[;1;[1 : 2[;NO;SSM;arm;NO;;NO;;NO;;alive;NO;;3464184295;764668102;119040;77824;0.2267830819820841;40
tmz5dqla.tif;[80:82[;2;[2 : 4[;NO;SSM;arm;;;NO;;NO;;alive;NO;;2026739537;995753822;81920;89088;0.25;40
tofo9jxt.tif;[42:44[;2;;NO;SSM;face;;;NO;;NO;;alive;NO;;2825190297;2074669422;207360;103680;0.2302131774022745;40
tp6gp9ne.tif;[44:46[;2;<1;NO;SSM;trunc;;;NO;;NO;;alive;NO;;3804182440;1196863126;90112;103424;0.25;40
tpqeppc7.tif;[60:62[;2;<1;NO;SSM;leg;YES;;NO;;NO;;alive;NO;;134788779;2768640602;179030;411074;0.121398698884758;40
tqp5nupa.tif;[90:92[;2;<1;NO;LMM;face;;;NO;;NO;;alive;NO;;3528443902;46655364;19840;22272;0.226490306214894;40
ts34c9b5.tif;[54:56[;2;[2 : 4[;NO;SSM;thigh;;;NO;;NO;;alive;NO;;1138099679;710489304;69632;71680;0.25;40
ts6l9x0v.tif;[42:44[;2;<1;NO;SSM;leg;;;NO;;NO;;alive;NO;;1214179916;1218861036;98304;89088;0.25;40
tu5tkd4s.tif;[72:74[;1;[2 : 4[;YES;NM;leg;NO;NO;YES;27.0;YES;30.0;dead;YES;27.0;2092073642;1329151422;90112;161792;0.25;40
tua20f9r.tif;[44:46[;1;[2 : 4[;YES;SSM;lower limb/hip;NO;YES;YES;45.0;NO;;alive;YES;45.0;2741913653;1654532388;106259;306939;0.25;40
tuvulrkm.tif;[58:60[;1;<1;NO;ALM;finger;NO;;NO;;NO;;alive;NO;;3175063951;3012434862;179030;411074;0.121398698884758;40
tvqb81i6.tif;[82:84[;1;>=4;YES;NM;arm;;;NO;;NO;;dead;NO;;2276237295;3558284450;207360;103680;0.2302131774022745;40
tw6ixgcm.tif;[66:68[;2;<1;NO;LMM;face;;;NO;;NO;;dead;NO;;1561098039;844969596;77824;105472;0.25;40
twjtmfde.tif;[42:44[;2;<1;NO;SSM;trunc;YES;;NO;;NO;;alive;NO;;855041738;1240357360;88359;204649;0.242797397769517;20
tx1fhmou.tif;[62:64[;1;<1;NO;SSM;lower limb/hip;;;NO;;NO;;alive;NO;;4225611189;1128161924;86016;134144;0.25;40
tyzfsbpp.tif;[56:58[;2;<1;NO;SSM;leg;;;NO;;NO;;alive;NO;;4139654156;1146090958;94208;110592;0.25;40
tz9mnxkg.tif;[60:62[;2;<1;NO;SSM;leg;;;NO;;NO;;alive;NO;;3764964716;400580406;61440;57344;0.25;40
u0ah98bk.tif;[68:70[;2;>=4;YES;other;head/neck;NO;NO;NO;;NO;;dead;NO;;2709248944;1315262500;93968;146736;0.25;40
u0vonifk.tif;[78:80[;1;<1;NO;ALM;leg;;;NO;;NO;;alive;NO;;856748925;1063658990;115200;66816;0.2302131774022745;40
u1idk5di.tif;[44:46[;1;<1;NO;SSM;arm;;;NO;;NO;;alive;NO;;428120821;437494452;65536;86016;0.25;40
u1ilphyx.tif;[78:80[;1;<1;NO;SSM;trunc;;;NO;;NO;;alive;NO;;3775007585;1786475252;122880;89856;0.2302131774022745;40
u1sd7d9j.tif;[68:70[;1;<1;NO;SSM;trunc;;;NO;;NO;;alive;NO;;3566172239;1163397540;65536;175104;0.25;40
u1wxe9y8.tif;[64:66[;2;>=4;YES;SSM;trunk;NO;YES;NO;;YES;37.0;dead;YES;37.0;3567579596;1321266000;96768;91392;0.2205120289311782;40
u2nnsydr.tif;[70:72[;1;<1;NO;SSM;trunc;NO;;NO;;NO;;alive;NO;;2875638304;1175337798;90112;108544;0.25;40
u3e2l673.tif;[78:80[;2;<1;NO;SSM;lower limb/hip;;;NO;;NO;;alive;NO;;2118940338;839082098;65536;185344;0.25;40
u3nq7bpz.tif;[38:40[;2;<1;NO;unclassified;thigh;NO;;NO;;NO;;alive;NO;;531026994;2400723120;179030;411074;0.121398698884758;40
u40jq4tz.tif;[46:48[;2;[1 : 2[;NO;SSM;foot;NO;;NO;;NO;;alive;NO;;168767110;693962366;157549;65691;0.264384;40
u65krjek.tif;[58:60[;2;<1;NO;SSM;trunc;;;NO;;NO;;alive;NO;;1252572783;1847723074;207360;99072;0.2302131774022745;40
u6jfwwn8.tif;[66:68[;1;[1 : 2[;NO;ALM;lower limb/hip;;NO;NO;;NO;;alive;NO;;3955090552;1197299566;73728;153600;0.25;40
u6tgdlgk.tif;[82:84[;2;>=4;YES;ALM;foot;;NO;NO;;YES;3.0;dead;YES;3.0;3067782891;1065733184;90112;95232;0.25;40
u7bcwf2e.tif;[58:60[;1;>=4;YES;NM;lower limb/hip;NO;YES;NO;;NO;;alive;NO;;506492326;1713778738;86016;108544;0.25;40
u7meom9j.tif;[56:58[;1;[2 : 4[;NO;SSM;trunc;;;NO;;NO;;alive;NO;;1772251687;572727688;49152;84992;0.25;40
u7qdcx3k.tif;[62:64[;2;<1;NO;SSM;upper limb/shoulder;NO;;NO;;NO;;alive;NO;;3106323052;1314498954;123840;251340;0.194475138121547;40
u9qiw1zd.tif;[68:70[;2;>=4;YES;SSM;trunk;NO;YES;NO;;YES;16.0;dead;YES;16.0;3298223988;1341922380;106259;306939;0.25;40
u9toaca1.tif;[50:52[;1;[2 : 4[;YES;SSM;trunc;;;YES;3.0;NO;;dead;YES;3.0;1562557315;982023996;86016;98304;0.25;40
ua3j2zov.tif;[82:84[;2;[2 : 4[;NO;NM;hand;;;NO;;NO;;dead;NO;;4268318448;1952305740;195840;76032;0.2302131774022745;40
uaabxzo3.tif;[50:52[;2;[1 : 2[;NO;SSM;leg;YES;NO;YES;62.0;NO;;alive;YES;62.0;2249117963;1897903672;207360;103680;0.2302131774022745;40
uaujgqrr.tif;[30:32[;2;>=4;YES;NM;trunc;NO;YES;NO;;YES;17.0;alive;YES;17.0;1932612978;1047800552;90112;76800;0.25;40
ub642c2t.tif;[80:82[;1;<1;NO;LMM;face;;;NO;;NO;;alive;NO;;2953482948;632814530;61440;72704;0.25;40
uc0rxtd9.tif;[68:70[;1;<1;;SSM;head/neck;;;YES;29.0;NO;;dead;YES;29.0;1968539206;1352000668;94208;147456;0.25;40
uc8tst3z.tif;[64:66[;1;[1 : 2[;NO;NM;lower limb/hip;NO;NO;YES;28.0;NO;;alive;YES;28.0;4255359705;712169802;60416;145840;0.25;40
ucg9v50s.tif;[76:78[;1;>=4;YES;SSM;lower limb/hip;NO;NO;YES;1.0;NO;;alive;YES;1.0;2488670736;2394103324;143360;102144;0.2205120289311782;40
ud98zuba.tif;[68:70[;1;<1;NO;SSM;trunc;NO;;NO;;NO;;alive;NO;;1718115667;850199458;88359;204649;0.242797397769517;20
ue5isxzm.tif;[18:20[;2;[2 : 4[;NO;SSM;face;NO;;NO;;NO;;alive;NO;;4267968554;1200360212;180480;71424;0.2302131774022745;40
uekx2ffv.tif;[64:66[;2;>=4;NO;other;trunk;NO;NO;NO;;NO;;alive;NO;;626315380;1674743568;106259;306939;0.25;40
uem6jith.tif;[66:68[;1;[1 : 2[;NO;SSM;trunc;;;NO;;NO;;alive;NO;;3180247741;1177647780;98304;107520;0.25;40
uf0adhgl.tif;[58:60[;1;<1;NO;SSM;trunc;NO;;NO;;NO;;alive;NO;;1841005386;605357040;130132;58086;0.264384;40
ughgzd5y.tif;[58:60[;1;[1 : 2[;NO;SSM;trunk;;;NO;;NO;;dead;NO;;942795249;1211366602;90112;125952;0.25;40
uj49228j.tif;[76:78[;2;[1 : 2[;YES;SSM;trunc;NO;;NO;;NO;;alive;NO;;2494371937;3296854410;179030;411074;0.121398698884758;40
uk3u7tat.tif;[42:44[;2;;;LMM;face;NO;;NO;;NO;;alive;NO;;3419275956;546247218;61440;128000;0.25;40
unfx3dqn.tif;[60:62[;1;<1;NO;SSM;arm;;;NO;;NO;;alive;NO;;1996084321;597084680;65536;65536;0.25;40
unympqw0.tif;[88:90[;2;>=4;YES;unclassified;seat;;;NO;;YES;18.0;dead;YES;18.0;4105378753;189270292;49152;38912;0.25;40
up35lb6h.tif;[44:46[;1;;;;arm;;;;;;;;NO;;1855244804;719221786;86016;86016;0.25;40
uplnzmar.tif;[64:66[;1;[1 : 2[;NO;SSM;upper limb/shoulder;NO;NO;NO;;NO;;alive;NO;;2976935982;1463218288;106259;306939;0.25;40
usc7f03z.tif;[66:68[;1;<1;NO;SSM;trunc;;;NO;;NO;;alive;NO;;4041695981;1432024646;94208;114688;0.25;40
ussw5ei1.tif;[68:70[;1;<1;NO;SSM;arm;;;NO;;NO;;alive;NO;;3885352766;860438922;126720;82944;0.2302131774022745;40
usxqqlid.tif;[78:80[;2;>=4;;NM;scalp;NO;NO;NO;;YES;35.0;dead;YES;35.0;1181874425;1489594636;90112;153600;0.25;40
utzsvrpp.tif;[60:62[;2;[1 : 2[;NO;SSM;hand/foot/nail;NO;YES;NO;;NO;;alive;NO;;1055428342;1136481382;106259;306939;0.25;40
uu0xvrjw.tif;[78:80[;1;[2 : 4[;;SSM;face;;;NO;;NO;;dead;NO;;1572174640;2832774364;180480;103680;0.2302131774022745;40
uubtgh91.tif;[62:64[;1;>=4;YES;SSM;seat;;YES;YES;13.0;YES;22.0;alive;YES;13.0;2453205925;1416492874;73728;157696;0.25;40
uucqw2cn.tif;[66:68[;1;[1 : 2[;NO;ALM;hand/foot/nail;NO;;NO;;NO;;alive;NO;;93648700;737573540;76432;93648;0.25;40
uuggf1s7.tif;[30:32[;2;<1;NO;SSM;arm;NO;;NO;;NO;;alive;NO;;2022372617;1667929134;188160;57600;0.2302131774022745;40
uumirn8b.tif;[66:68[;1;[1 : 2[;NO;SSM;arm;NO;;NO;;NO;;dead;NO;;1412230375;1409282984;94208;148480;0.25;40
uuvn74tv.tif;[46:48[;2;[1 : 2[;NO;SSM;arm;NO;;NO;;NO;;alive;NO;;723537898;2459595004;179030;411074;0.121398698884758;40
uv7cnel3.tif;[64:66[;2;<1;NO;SSM;leg;NO;;NO;;NO;;alive;NO;;3940555608;655587502;165354;74297;0.264384;40
uvzitkpr.tif;[82:84[;1;>=4;YES;SSM;upper limb/shoulder;NO;;NO;;NO;;alive;NO;;1774306899;1091839318;111833;82794;0.263223;40
uw2fcpgo.tif;[58:60[;1;<1;NO;SSM;trunc;NO;;NO;;NO;;alive;NO;;3264963018;2009769244;207360;103680;0.2302131774022745;40
ux4yet0j.tif;[68:70[;2;<1;;SSM;leg;;;NO;;NO;;alive;NO;;2447892262;289026646;53248;48128;0.25;40
uxqwtbkk.tif;[74:76[;1;[2 : 4[;YES;NM;face;;;NO;;NO;;alive;NO;;2911877672;997676244;94208;92160;0.25;40
uyck0jpq.tif;[64:66[;1;<1;NO;SSM;;NO;;NO;;NO;;alive;NO;;1294671428;1115872284;88359;204649;0.242797397769517;20
uyvvbicr.tif;[92:94[;2;<1;NO;LMM;head/neck;;;NO;;NO;;dead;NO;;1905721872;1859303286;168448;86016;0.2205120289311782;40
v0s2twac.tif;[68:70[;2;<1;NO;SSM;trunc;NO;;NO;;NO;;alive;NO;;1496239839;1212305700;178255;81199;0.262762;40
v1in3epz.tif;[52:54[;2;[1 : 2[;NO;ALM;leg;;;NO;;NO;;alive;NO;;2693022728;1029558314;73728;189440;0.25;40
v2lfwoy3.tif;[86:88[;1;<1;NO;LMM;face;NO;;NO;;NO;;dead;NO;;1494030844;2316570640;94208;198656;0.25;40
v33oiutr.tif;[64:66[;2;>=4;YES;;lower limb/hip;NO;YES;YES;2.0;YES;7.0;dead;YES;2.0;4055580630;1918475042;111104;96768;0.2205120289311782;40
v36bh887.tif;[54:56[;2;>=4;NO;;face;;;NO;;NO;;alive;NO;;847480167;893598654;61440;111616;0.25;40
v44zykf6.tif;[50:52[;2;[2 : 4[;NO;SSM;trunk;YES;;NO;;NO;;alive;NO;;1210347922;1703952392;143459;88164;0.263223;40
v47a2cp5.tif;[62:64[;1;;;ALM;face;;;NO;;NO;;alive;NO;;3326017573;2493386294;203520;96768;0.2302131774022745;40
v52wl5qc.tif;[52:54[;2;[2 : 4[;NO;NM;trunc;NO;;NO;;NO;;alive;NO;;3397289818;1551441906;149760;87552;0.2302131774022745;40
v6drotab.tif;[66:68[;1;>=4;NO;SSM;leg;NO;NO;YES;12.0;NO;;alive;YES;12.0;2286690921;1053860480;111104;93184;0.226490306214894;40
v6ejrf69.tif;[84:86[;2;<1;NO;LMM;face;;;NO;;NO;;dead;NO;;2801547746;87110196;20480;111616;0.25;40
v6vaekdt.tif;[70:72[;2;<1;NO;SSM;trunk;;;NO;;NO;;alive;NO;;658354991;998828126;112828;84981;0.263223;40
v7c4nsvn.tif;[66:68[;2;>=4;YES;SSM;leg;NO;NO;NO;;YES;26.0;alive;YES;26.0;458378241;973831262;75392;100096;0.226490306214894;40
v7ev41jq.tif;[78:80[;1;[2 : 4[;YES;SSM;trunc;NO;;NO;;NO;;alive;NO;;979808716;719592576;115200;62208;0.2302131774022745;40
v8t4ayh1.tif;[78:80[;2;<1;NO;SSM;leg;;;NO;;NO;;alive;NO;;3052527135;869590194;153600;50688;0.2302131774022745;40
va1zdfnw.tif;[68:70[;1;<1;NO;SSM;trunc;;;NO;;NO;;alive;NO;;1805382134;1232209538;86016;106496;0.25;40
vaircvmr.tif;[50:52[;1;>=4;YES;unclassified;trunc;NO;NO;NO;;NO;;alive;NO;;3879088049;956863230;86016;98304;0.25;40
vakr2mv9.tif;[80:82[;2;[2 : 4[;YES;ALM;head/neck;NO;NO;YES;66.0;YES;69.0;alive;YES;66.0;1647196423;1339413778;106259;306939;0.25;40
vb40kio4.tif;[66:68[;1;<1;NO;SSM;trunc;NO;;NO;;NO;;alive;NO;;1145100955;1445237266;88359;204649;0.242797397769517;20
vbdw1z6j.tif;[82:84[;2;[2 : 4[;YES;ALM;toe;NO;NO;NO;;NO;;alive;NO;;7804476;949524606;88359;204649;0.242797397769517;20
vbh014c6.tif;[54:56[;2;>=4;YES;NM;lower limb/hip;NO;YES;NO;;NO;;alive;NO;;951667699;1957413116;106259;306939;0.25;40
vbym0smj.tif;[32:34[;2;[1 : 2[;NO;SSM;lower limb/hip;YES;NO;NO;;NO;;alive;NO;;1372072723;990231706;106259;306939;0.25;40
vcmyv5gu.tif;[76:78[;1;[2 : 4[;YES;LMM;face;NO;;NO;;NO;;alive;NO;;1243505013;1114754222;88359;204649;0.242797397769517;20
vd22ll9h.tif;[40:42[;1;[1 : 2[;NO;SSM;trunk;YES;YES;NO;;NO;;alive;NO;;3427189879;1714856448;94208;180224;0.25;40
ve02a0xh.tif;[80:82[;1;<1;NO;SSM;trunc;;;NO;;NO;;alive;NO;;177621806;727610274;63488;88576;0.226490306214894;40
vecxtk7e.tif;[58:60[;1;<1;NO;SSM;thigh;;;NO;;NO;;alive;NO;;944672638;945767354;98304;92160;0.25;40
vf2r2xjc.tif;[70:72[;2;<1;NO;SSM;thigh;;;NO;;NO;;alive;NO;;2246032198;617658800;57344;78848;0.25;40
vfri0lsb.tif;[82:84[;2;>=4;YES;NM;foot;NO;NO;YES;10.0;YES;47.0;dead;YES;10.0;3259540513;1882676640;94208;126976;0.25;40
vgaukgrg.tif;[78:80[;1;[1 : 2[;YES;SSM;trunk;NO;YES;NO;;YES;46.0;dead;YES;46.0;3112420757;2121314078;106259;306939;0.25;40
vgtu0ckx.tif;[42:44[;1;<1;NO;SSM;arm;;;NO;;NO;;alive;NO;;3084515928;904051796;73728;92160;0.25;40
vhbby3u4.tif;[56:58[;2;;;;foot;NO;;NO;;NO;;alive;NO;;571429214;586327304;106369;84421;0.262762;40
vhnf7bj0.tif;[76:78[;2;[2 : 4[;NO;SSM;upper limb/shoulder;YES;NO;NO;;YES;24.0;dead;YES;24.0;3274045434;721206134;61440;125952;0.25;40
vif6zvk6.tif;[76:78[;2;<1;;LMM;face;;;NO;;NO;;alive;NO;;1038392801;136123872;28672;32768;0.25;40
vjtsdkbf.tif;[76:78[;1;[1 : 2[;NO;SSM;trunc;NO;;NO;;NO;;alive;NO;;3893152858;670423562;88359;204649;0.242797397769517;20
vk00qn7e.tif;[48:50[;1;<1;NO;SSM;trunc;;;NO;;NO;;alive;NO;;137297860;1346947332;98304;101376;0.25;40
vl1vkzfa.tif;[64:66[;1;<1;NO;SSM;arm;;;NO;;NO;;alive;NO;;509872867;389262066;49152;59392;0.25;40
vlviftht.tif;[74:76[;2;<1;NO;SSM;arm;;;NO;;NO;;alive;NO;;3216636267;943227182;90112;92160;0.25;40
vm3aiozr.tif;[66:68[;1;;;;arm;;;;;;;;NO;;3648949832;1838954810;94208;124928;0.25;40
vofwrjim.tif;[80:82[;2;>=4;YES;LMM;head/neck;;;NO;;NO;;alive;NO;;804768115;577556792;61440;97280;0.25;40
vos6bbk3.tif;[58:60[;2;[2 : 4[;NO;SSM;lower limb/hip;;;NO;;NO;;dead;NO;;865149672;700504898;54144;157840;0.25;40
vosnpdjd.tif;[70:72[;1;<1;NO;SSM;leg;;;NO;;NO;;alive;NO;;91325870;1026557846;94208;101376;0.25;40
vov7tdah.tif;[64:66[;1;[1 : 2[;NO;SSM;thigh;NO;;NO;;NO;;alive;NO;;901368434;2666441430;88359;204649;0.242797397769517;20
vovxll0a.tif;[38:40[;1;<1;NO;SSM;trunc;;;NO;;NO;;alive;NO;;1611994612;728550894;59520;85760;0.226490306214894;40
vp0m7lg2.tif;[62:64[;2;<1;NO;SSM;arm;NO;;NO;;NO;;alive;NO;;555909217;952108774;124328;87505;0.264384;40
vp1vrk97.tif;[46:48[;1;[2 : 4[;NO;SSM;trunk;NO;;NO;;NO;;alive;NO;;3565371468;603144992;73728;72704;0.25;40
vpm2gyi9.tif;[56:58[;1;[1 : 2[;NO;SSM;thigh;NO;NO;NO;;NO;;alive;NO;;1905053143;804084722;86016;144384;0.25;40
vpoh74vt.tif;[54:56[;1;[2 : 4[;NO;SSM;trunc;YES;;NO;;NO;;alive;NO;;2408286688;637029864;77824;73728;0.25;40
vs3zna6d.tif;[30:32[;2;;;other;head/neck;NO;;NO;;NO;;alive;NO;;3833790501;2246795026;94208;173056;0.25;40
vt5t65v6.tif;[54:56[;2;<1;NO;SSM;trunc;NO;;NO;;NO;;alive;NO;;2329258548;1510810220;149760;103680;0.2302131774022745;40
vv2yye73.tif;[68:70[;2;[1 : 2[;;ALM;nail;;NO;NO;;NO;;alive;NO;;4040708356;158850886;32768;55296;0.25;40
vv3ilq6i.tif;[44:46[;2;[2 : 4[;YES;NM;arm;NO;YES;NO;;NO;;alive;NO;;2656012333;3130085944;179030;411074;0.121398698884758;40
vyghznhx.tif;[90:92[;1;<1;NO;SSM;;NO;;NO;;NO;;dead;NO;;2724522922;1066923102;123840;251340;0.194475138121547;40
vyp2vk45.tif;[64:66[;1;[2 : 4[;YES;NM;face;;YES;NO;;YES;23.0;dead;YES;23.0;3955354287;603929714;49152;99328;0.25;40
vyue8z0j.tif;[34:36[;2;<1;NO;SSM;trunc;;;NO;;NO;;alive;NO;;3442734111;977964180;189531;71735;0.262762;40
w09gztun.tif;[86:88[;2;<1;;SSM;trunc;;;NO;;NO;;alive;NO;;3838999806;2045897470;207360;103680;0.2302131774022745;40
w0wxu9jb.tif;[40:42[;2;[1 : 2[;NO;SSM;leg;;;NO;;NO;;alive;NO;;2553535445;721905686;69632;154624;0.25;40
w16kxcqb.tif;[58:60[;1;[1 : 2[;NO;SSM;trunc;;;NO;;NO;;alive;NO;;1019205198;1253289412;77824;168960;0.25;40
w1hisf5i.tif;[38:40[;1;<1;NO;SSM;neck;;;NO;;NO;;alive;NO;;4157019149;1180646970;77824;168960;0.25;40
w35f5thr.tif;[48:50[;2;[1 : 2[;NO;SSM;arm;NO;;NO;;NO;;alive;NO;;431321093;2611837450;179030;411074;0.121398698884758;40
w5rqbyw4.tif;[70:72[;2;[1 : 2[;NO;unclassified;forearm;;;NO;;NO;;alive;NO;;1470583855;760786690;86016;65536;0.25;40
w69nz5fc.tif;[66:68[;1;>=4;YES;NM;trunc;;;NO;;YES;1.0;alive;YES;1.0;1670800917;1126330648;94208;94208;0.25;40
w6m591ly.tif;[68:70[;2;<1;YES;SSM;trunc;NO;;NO;;NO;;alive;NO;;3845073448;1043088292;119040;93440;0.226490306214894;40
w6uejlue.tif;[62:64[;2;;;;face;;;NO;;NO;;alive;NO;;80756657;27465352;19840;15872;0.226490306214894;40
w78stbp1.tif;[80:82[;2;<1;NO;SSM;arm;;;NO;;NO;;alive;NO;;1747525268;999284176;94208;96256;0.25;40
w7kbkyh6.tif;[44:46[;2;[1 : 2[;NO;SSM;arm;;;NO;;NO;;alive;NO;;4228453153;519551904;40960;141312;0.25;40
w8dfep6r.tif;[66:68[;2;<1;NO;SSM;foot;NO;;NO;;NO;;alive;NO;;3084027222;2856326628;179030;411074;0.121398698884758;40
w8oohrqb.tif;[40:42[;1;<1;NO;SSM;thigh;;;NO;;NO;;alive;NO;;3921102743;731872686;81920;87040;0.25;40
wabauiu3.tif;[56:58[;1;[2 : 4[;YES;SSM;trunc;NO;YES;YES;8.0;YES;34.0;dead;YES;8.0;2137260450;2233354588;188160;103680;0.2302131774022745;40
waelv6ou.tif;[66:68[;1;<1;NO;SSM;upper limb/shoulder;;;NO;;NO;;alive;NO;;199377395;633945520;81920;65536;0.25;40
wakqgw49.tif;[50:52[;2;<1;NO;SSM;lower limb/hip;YES;;NO;;NO;;alive;NO;;1614656494;546482700;88363;71655;0.263223;40
wdi6o2jq.tif;[82:84[;2;[2 : 4[;NO;NM;leg;;;NO;;NO;;dead;NO;;798418489;1086269628;81920;108544;0.25;40
wejpdzr5.tif;[66:68[;1;[2 : 4[;YES;NM;trunk;NO;YES;NO;;YES;27.0;dead;YES;27.0;159425875;2314407132;106259;306939;0.25;40
wf3gjisu.tif;[84:86[;1;<1;NO;SSM;arm;;;NO;;NO;;alive;NO;;344199830;1209729418;184320;80640;0.2302131774022745;40
wgt510u4.tif;[78:80[;1;<1;NO;SSM;trunc;;;NO;;NO;;dead;NO;;2671412229;409997974;51584;62464;0.226490306214894;40
whg13c9z.tif;[38:40[;2;<1;NO;SSM;trunc;NO;;NO;;NO;;dead;NO;;159361593;387880824;49152;56320;0.25;40
wibciyhg.tif;[28:30[;1;[1 : 2[;YES;SSM;upper limb/shoulder;;;NO;;NO;;alive;NO;;695427284;836003386;65536;106496;0.25;40
wj1r6zdc.tif;[80:82[;2;[1 : 2[;NO;LMM;arm;;;NO;;NO;;alive;NO;;50183227;876039518;77824;84992;0.25;40
wj4bdjea.tif;[74:76[;1;<1;;SSM;arm;;;NO;;NO;;alive;NO;;3965353721;841085686;65536;87040;0.25;40
wjmhzqsl.tif;[68:70[;2;>=4;NO;SSM;lower limb/hip;NO;NO;YES;11.0;NO;;alive;YES;11.0;3432192298;1289862576;86016;155648;0.25;40
wlgws9gl.tif;[58:60[;1;[1 : 2[;NO;SSM;face;YES;;YES;101.0;NO;;alive;YES;101.0;215049992;856307638;165154;73696;0.264384;40
wm1ubxxv.tif;[46:48[;1;[1 : 2[;NO;SSM;trunc;;YES;YES;88.0;NO;;alive;YES;88.0;3033441476;706395020;61440;76800;0.25;40
wohji03m.tif;[44:46[;2;<1;NO;SSM;trunk;;;NO;;NO;;;NO;;1173795593;622475828;65536;84992;0.25;40
wp8p9ngd.tif;[42:44[;1;[1 : 2[;NO;SSM;trunk;NO;;NO;;NO;;alive;NO;;2727218246;1622354980;94208;138240;0.25;40
wpek42r0.tif;[62:64[;2;>=4;YES;SSM;lower limb/hip;NO;YES;YES;0.0;NO;;dead;YES;0.0;2262109839;2013804872;90112;129024;0.25;40
wqire760.tif;[62:64[;2;[2 : 4[;NO;;lower limb/hip;NO;NO;YES;61.0;NO;;alive;YES;61.0;477236898;721176232;161758;72848;0.263223;40
wrfvh4j6.tif;[74:76[;1;<1;NO;LMM;face;NO;;NO;;NO;;alive;NO;;2885226906;1115388016;123008;102656;0.2267830819820841;40
wri87c3g.tif;[64:66[;1;<1;NO;unclassified;leg;;;NO;;NO;;alive;NO;;1069304751;273265884;53248;43008;0.25;40
ws04qbzs.tif;[42:44[;2;<1;NO;SSM;face;;;NO;;NO;;alive;NO;;343575667;1323950110;184320;76032;0.2302131774022745;40
ws4pnhzg.tif;[58:60[;2;<1;NO;LMM;face;;;NO;;NO;;alive;NO;;4200816258;532282592;65536;62464;0.25;40
wsjerjpx.tif;[46:48[;2;<1;NO;SSM;trunc;NO;;NO;;NO;;alive;NO;;2760722177;2007503312;149760;96768;0.2302131774022745;40
wt7ugswg.tif;[54:56[;2;[2 : 4[;NO;SSM;trunc;;YES;NO;;NO;;alive;NO;;2249651708;2375794270;179030;411074;0.121398698884758;40
wvnnduu8.tif;[18:20[;2;[2 : 4[;NO;NM;hand/foot/nail;NO;NO;NO;;YES;68.0;dead;YES;68.0;300755006;1392283308;65536;171008;0.25;40
wvtw943n.tif;[72:74[;2;[1 : 2[;NO;SSM;thigh;;;NO;;NO;;alive;NO;;1715722070;666735820;81920;62464;0.25;40
wwcx4ccw.tif;[86:88[;1;>=4;YES;NM;hand/foot/nail;NO;NO;NO;;YES;9.0;dead;YES;9.0;2762574320;1552697720;95840;126912;0.25;40
wxqu4sai.tif;[62:64[;1;[1 : 2[;NO;SSM;arm;NO;;NO;;NO;;alive;NO;;1649859787;2522829592;179030;411074;0.121398698884758;40
wxwf4cuy.tif;[80:82[;1;<1;NO;SSM;arm;;;NO;;NO;;dead;NO;;4290618877;1495073052;94208;126976;0.25;40
wxxhdywf.tif;[62:64[;1;<1;NO;SSM;arm;NO;;NO;;NO;;alive;NO;;4130820663;1739904832;88359;204649;0.242797397769517;20
wy78km9x.tif;[70:72[;2;<1;NO;SSM;leg;;;NO;;NO;;alive;NO;;3881798777;700934266;77824;91136;0.25;40
wzf2a26k.tif;[88:90[;2;>=4;YES;SSM;lower limb/hip;NO;YES;NO;;YES;7.0;dead;YES;7.0;1114605325;206046522;75264;26880;0.2205120289311782;40
wzfh3rdh.tif;[42:44[;1;[2 : 4[;NO;SSM;trunc;;;YES;35.0;YES;38.0;dead;YES;35.0;2246398139;1233727824;94208;93184;0.25;40
wzgnukyq.tif;[64:66[;1;<1;NO;SSM;trunc;;;NO;;NO;;alive;NO;;2784034290;1281007242;86016;117760;0.25;40
x0uq6y6r.tif;[32:34[;2;[2 : 4[;YES;SSM;head/neck;NO;YES;NO;;NO;;alive;NO;;2444705624;1410968522;94208;174080;0.25;40
x14l2hf4.tif;[54:56[;1;<1;NO;SSM;lower limb/hip;NO;;NO;;NO;;alive;NO;;1182840356;696149892;99700;72848;0.263223;40
x1iiict2.tif;[48:50[;1;[1 : 2[;NO;SSM;forearm;;;NO;;NO;;alive;NO;;3753512729;855751922;90112;87040;0.25;40
x1l9lszy.tif;[48:50[;2;<1;NO;SSM;leg;;;NO;;NO;;alive;NO;;2583342626;336933338;49152;62464;0.25;40
x1pqbll9.tif;[62:64[;2;<1;NO;SSM;arm;;;NO;;NO;;alive;NO;;2744825413;771332966;90112;78848;0.25;40
x237rbgl.tif;[36:38[;2;<1;NO;SSM;trunc;;;NO;;NO;;alive;NO;;497569744;970509622;90112;158720;0.25;40
x2j9bnac.tif;[46:48[;2;<1;NO;SSM;lower limb/hip;NO;;NO;;NO;;alive;NO;;317850870;2580363338;179030;411074;0.121398698884758;40
x2lhky7z.tif;[38:40[;2;[1 : 2[;NO;SSM;trunk;NO;;NO;;NO;;alive;NO;;3153499954;1136487208;123840;251340;0.194475138121547;40
x3x62evp.tif;[78:80[;2;[2 : 4[;YES;SSM;trunk;;NO;YES;9.0;YES;13.0;dead;YES;9.0;1875644907;1205337240;149625;84783;0.263223;40
x5ux3k1f.tif;[44:46[;1;[1 : 2[;NO;SSM;trunc;NO;YES;YES;47.0;NO;;alive;YES;47.0;3145761076;3478954384;179030;411074;0.121398698884758;40
x7a8wcih.tif;[58:60[;1;>=4;YES;SSM;trunk;NO;YES;YES;7.0;YES;32.0;dead;YES;32.0;3438062608;1923143404;106259;306939;0.25;40
x82yrtsb.tif;[46:48[;1;[2 : 4[;YES;NM;trunk;NO;YES;NO;;NO;;alive;NO;;1848147604;1154967106;94208;122880;0.25;40
x8ns0uea.tif;[82:84[;1;<1;NO;SSM;trunk;;;NO;;NO;;dead;NO;;1748038041;959310552;67456;92672;0.226490306214894;40
x8xcg1v4.tif;[64:66[;2;<1;NO;SSM;thigh;;;NO;;NO;;alive;NO;;3942702187;393237026;77824;70656;0.25;40
x9r1w4o8.tif;[72:74[;2;<1;NO;SSM;trunc;NO;;NO;;NO;;alive;NO;;2589817245;3330727514;179030;411074;0.121398698884758;40
xa2johpx.tif;[28:30[;1;<1;NO;SSM;trunc;;;NO;;NO;;alive;NO;;3047285041;1216457260;90112;101376;0.25;40
xanmznv7.tif;[72:74[;1;[2 : 4[;YES;SSM;foot;NO;YES;YES;1.0;NO;;dead;YES;1.0;4047326403;1053444942;90112;113664;0.25;40
xawpeuby.tif;[48:50[;2;<1;NO;SSM;head/neck;;;NO;;NO;;alive;NO;;1500650291;879148350;102400;109568;0.25;40
xbn8qj12.tif;[62:64[;1;<1;NO;SSM;arm;;;NO;;NO;;alive;NO;;3615725416;2831448018;207360;103680;0.2302131774022745;40
xct4hw6i.tif;[60:62[;1;<1;NO;SSM;seat;NO;;NO;;NO;;alive;NO;;2979583727;1390266450;192000;62208;0.2302131774022745;40
xdtpce53.tif;[62:64[;1;<1;NO;LMM;face;;;NO;;NO;;alive;NO;;2035499717;994661312;95232;70912;0.226490306214894;40
xf5kr7dy.tif;[60:62[;1;[1 : 2[;NO;SSM;face;;;NO;;NO;;alive;NO;;3051593598;1162800268;77824;109568;0.25;40
xfeitcky.tif;[80:82[;2;<1;NO;SSM;thigh;NO;;NO;;NO;;alive;NO;;2650402674;1257047328;188768;87505;0.264384;40
xgrxhsxv.tif;[54:56[;1;[1 : 2[;NO;SSM;leg;;;NO;;NO;;alive;NO;;2510824410;776344254;90112;94208;0.25;40
xhhwgkre.tif;[86:88[;1;[2 : 4[;;unclassified;arm;;;NO;;NO;;alive;NO;;4261058760;965486818;77824;103424;0.25;40
xhj3rpk9.tif;[38:40[;2;<1;NO;SSM;leg;;;NO;;NO;;alive;NO;;1203950840;220961948;49152;40960;0.25;40
xiyoa66c.tif;[56:58[;1;<1;NO;SSM;upper limb/shoulder;;;NO;;NO;;dead;NO;;3389093989;428565638;57344;48384;0.2205120289311782;40
xjcmc349.tif;[72:74[;1;[2 : 4[;YES;SSM;hand/foot/nail;NO;NO;YES;9.0;NO;;alive;YES;9.0;923238178;263235400;54016;90336;0.25;40
xk9sze3v.tif;[62:64[;1;<1;NO;SSM;trunc;;;NO;;NO;;dead;NO;;2724636578;1964757286;184320;103680;0.2302131774022745;40
xkcjtxa6.tif;[46:48[;2;<1;NO;SSM;trunc;;;NO;;NO;;alive;NO;;1131296454;2288661050;180480;103680;0.2302131774022745;40
xkl87mt6.tif;[56:58[;2;<1;NO;SSM;seat;;YES;YES;19.0;YES;26.0;alive;YES;19.0;1037891322;768936698;98304;75776;0.25;40
xmp70qzw.tif;[66:68[;1;<1;NO;SSM;trunc;NO;;NO;;NO;;alive;NO;;3423491617;2772291982;179030;411074;0.121398698884758;40
xo4zspg9.tif;[30:32[;1;<1;NO;SSM;lower limb/hip;;;NO;;NO;;alive;NO;;4162783561;902724440;93184;75264;0.2205120289311782;40
xp4n1x0x.tif;[70:72[;1;<1;NO;SSM;arm;NO;;NO;;NO;;alive;NO;;3422828541;2685519178;207360;103680;0.2302131774022745;40
xr4i4utn.tif;[80:82[;2;>=4;YES;ALM;leg;NO;NO;NO;;NO;;alive;NO;;166956362;1535171370;122880;76032;0.2302131774022745;40
xr65v5jz.tif;[32:34[;1;>=4;YES;SSM;leg;NO;YES;YES;5.0;YES;15.0;dead;YES;5.0;3691649013;1161789554;94208;120832;0.25;40
xrxbmlac.tif;[34:36[;2;<1;NO;SSM;leg;;;NO;;NO;;alive;NO;;1682910109;196414128;57344;33792;0.25;40
xsy0atf6.tif;[50:52[;2;[1 : 2[;NO;;trunk;NO;;NO;;NO;;alive;NO;;511204423;850169812;138685;84783;0.263223;40
xu92sj8g.tif;[78:80[;1;[2 : 4[;NO;NM;arm;NO;;NO;;NO;;alive;NO;;1884497425;1553493172;142080;78336;0.2302131774022745;40
xujzz2ik.tif;[38:40[;2;<1;NO;SSM;lower limb/hip;YES;;NO;;NO;;alive;NO;;3137672407;951065330;169316;82992;0.263223;40
xvuf9hcq.tif;[82:84[;2;<1;NO;SSM;upper limb/shoulder;;;NO;;NO;;alive;NO;;2198958854;418054936;69632;72704;0.25;40
xwceba8u.tif;[62:64[;1;[2 : 4[;YES;NM;arm;NO;NO;YES;11.0;YES;23.0;alive;YES;11.0;3626079808;797917400;86016;84992;0.25;40
xwer9u4s.tif;[70:72[;1;<1;NO;SSM;arm;NO;;NO;;NO;;alive;NO;;2327786144;2685222514;207360;103680;0.2302131774022745;40
xzykifvw.tif;[74:76[;1;<1;NO;LMM;face;NO;;NO;;NO;;alive;NO;;1561791151;606315422;171558;84703;0.264384;40
y15egr10.tif;[46:48[;2;<1;NO;SSM;trunc;;;NO;;NO;;alive;NO;;4183253414;952392044;86016;77824;0.25;40
y1l4zc34.tif;[18:20[;1;<1;NO;SSM;leg;NO;NO;NO;;NO;;alive;NO;;1093404899;176136936;47616;27392;0.226490306214894;40
y1nc9z4k.tif;[72:74[;1;[1 : 2[;NO;SSM;trunk;NO;NO;NO;;NO;;alive;NO;;3711323610;835479000;106259;306939;0.25;40
y1twg7ju.tif;[64:66[;2;[2 : 4[;NO;NM;thigh;;;NO;;NO;;alive;NO;;1882135078;629232952;61440;91136;0.25;40
y1x8pulp.tif;[84:86[;1;<1;NO;SSM;trunk;;;NO;;NO;;dead;NO;;840315855;1259186236;90112;113664;0.25;40
y28slhdw.tif;[54:56[;1;[1 : 2[;NO;SSM;trunk;NO;YES;NO;;NO;;alive;NO;;2013560870;2113389000;106259;306939;0.25;40
y3jloqjc.tif;[60:62[;1;[2 : 4[;NO;SSM;trunk;;;NO;;NO;;alive;NO;;4231851214;1100414678;81920;117760;0.25;40
y43qojyt.tif;[50:52[;2;<1;NO;SSM;trunc;NO;;NO;;NO;;alive;NO;;3817967691;857042196;88359;204649;0.242797397769517;20
y5gpqk88.tif;[32:34[;2;[1 : 2[;NO;SSM;arm;;;NO;;NO;;alive;NO;;2484296079;583855272;53248;77824;0.25;40
y5j26wcq.tif;[36:38[;2;[1 : 2[;YES;NM;trunk;NO;YES;YES;22.0;YES;74.0;dead;YES;22.0;2400101145;1375078794;88608;163136;0.25;40
y5owrgxa.tif;[84:86[;1;<1;NO;LMM;head/neck;;;NO;;NO;;dead;NO;;3487407924;1299173176;103800;79633;0.251;40
y71bdt5h.tif;[72:74[;1;[1 : 2[;NO;SSM;face;NO;;NO;;NO;;alive;NO;;440653346;2222539160;179030;411074;0.121398698884758;40
y7s665yl.tif;[38:40[;1;<1;NO;SSM;trunk;;;NO;;NO;;;NO;;590927383;1723242068;98304;160768;0.25;40
yaz5q9fh.tif;[66:68[;2;[1 : 2[;NO;ALM;sole;;;NO;;NO;;dead;NO;;1427791718;969187654;86016;90112;0.25;40
ycisurup.tif;[60:62[;2;<1;NO;SSM;leg;NO;;NO;;NO;;alive;NO;;1315009627;1823440028;168960;96768;0.2302131774022745;40
yei2uz0u.tif;[66:68[;1;[2 : 4[;YES;NM;face;;YES;NO;;YES;12.0;alive;YES;12.0;1723854869;1014821682;81920;74752;0.25;40
yekc7qmc.tif;[60:62[;1;>=4;YES;NM;forearm;YES;YES;YES;64.0;NO;;alive;YES;64.0;1349870043;652015576;86016;67584;0.25;40
yep6bygp.tif;[50:52[;2;[1 : 2[;NO;SSM;lower limb/hip;NO;NO;NO;;NO;;alive;NO;;3212162798;1316247802;106259;306939;0.25;40
yf5kt3vm.tif;[64:66[;2;<1;NO;SSM;foot;NO;;NO;;NO;;alive;NO;;2236461973;799101554;210304;76288;0.2267830819820841;40
yg6xf916.tif;[76:78[;1;<1;NO;SSM;leg;;NO;YES;68.0;NO;;alive;YES;68.0;2505596302;1433874994;149760;103680;0.2302131774022745;40
yh4wyluf.tif;[46:48[;2;;NO;SSM;arm;;;NO;;NO;;alive;NO;;2052598163;804614342;77824;107520;0.25;40
yi1gau37.tif;[42:44[;2;[2 : 4[;NO;SSM;trunc;;YES;NO;;YES;25.0;dead;YES;25.0;3551965921;783961138;81920;93184;0.25;40
yjfboisn.tif;[64:66[;1;[1 : 2[;NO;other;trunk;NO;NO;NO;;NO;;alive;NO;;4294700669;1107214046;106259;306939;0.25;40
ykcxasv9.tif;[74:76[;1;<1;NO;SSM;arm;;;NO;;NO;;alive;NO;;2060249035;542769946;75392;66816;0.226490306214894;40
ym3gcigf.tif;[26:28[;2;[1 : 2[;NO;SSM;;YES;YES;NO;;NO;;alive;NO;;2745577627;726957966;95232;89600;0.226490306214894;40
ymm0f0pe.tif;[46:48[;2;<1;NO;SSM;thigh;;;NO;;NO;;alive;NO;;128995716;803577476;73728;89088;0.25;40
yms1fjm4.tif;[68:70[;1;[1 : 2[;NO;SSM;trunc;;;NO;;NO;;alive;NO;;2011158880;1128072732;94208;79872;0.25;40
yobdw2t2.tif;[74:76[;1;>=4;YES;NM;upper limb/shoulder;NO;NO;NO;;NO;;alive;NO;;516092662;2614818390;106259;306939;0.25;40
yoh4lnk7.tif;[56:58[;2;[2 : 4[;NO;other;lower limb/hip;NO;YES;NO;;NO;;alive;NO;;3917438382;1118345658;106259;306939;0.25;40
ys9waclj.tif;[70:72[;2;<1;NO;SSM;lower limb/hip;;;NO;;NO;;alive;NO;;85694438;1425651800;220236;88164;0.263223;40
yujfd7h7.tif;[28:30[;1;[2 : 4[;NO;NM;scalp;NO;YES;NO;;NO;;alive;NO;;2161982482;1361926400;94208;116736;0.25;40
ywbe7zfk.tif;[58:60[;2;[2 : 4[;NO;SSM;leg;;;NO;;NO;;alive;NO;;1314949030;1564240706;86016;153600;0.25;40
yy0szf2e.tif;[46:48[;2;[2 : 4[;YES;SSM;head/neck;NO;YES;NO;;NO;;alive;NO;;4211163303;1732457728;90112;161792;0.25;40
yyeio0nz.tif;[78:80[;1;[1 : 2[;NO;SSM;head/neck;NO;;YES;19.0;NO;;dead;YES;19.0;568606240;720497184;134508;66881;0.263223;40
yyo28eca.tif;[58:60[;1;[1 : 2[;NO;SSM;hand/foot/nail;NO;;NO;;NO;;alive;NO;;2084588794;1161373678;72496;170832;0.25;40
yyrpalw5.tif;[32:34[;2;<1;NO;SSM;trunc;;YES;NO;;NO;;alive;NO;;665310843;2382775238;192000;103680;0.2302131774022745;40
yzi4ic35.tif;[92:94[;2;[2 : 4[;NO;LMM;face;;;NO;;NO;;dead;NO;;2589309926;680190524;61440;89088;0.25;40
yzokv408.tif;[70:72[;1;>=4;YES;NM;sole;NO;NO;NO;;YES;57.0;dead;YES;57.0;2023041418;1673486630;90112;142336;0.25;40
z035ennv.tif;[70:72[;1;;YES;SSM;forearm;;;NO;;NO;;alive;NO;;3390377678;841139300;65536;99328;0.25;40
z10gi3ih.tif;[48:50[;2;<1;NO;SSM;forearm;NO;;NO;;NO;;alive;NO;;3260154428;2587940970;179030;411074;0.121398698884758;40
z142jefb.tif;[44:46[;2;<1;NO;SSM;forearm;NO;;NO;;NO;;alive;NO;;2950060496;578109688;88359;204649;0.242797397769517;20
z274k2pg.tif;[66:68[;2;[1 : 2[;NO;SSM;arm;NO;NO;NO;;NO;;alive;NO;;3025263507;1611778848;88359;204649;0.242797397769517;20
z3gux4j8.tif;[46:48[;1;<1;NO;SSM;thigh;NO;;NO;;NO;;alive;NO;;3164791773;3534032904;179030;411074;0.121398698884758;40
z4okh3ip.tif;[48:50[;2;<1;NO;SSM;leg;;;NO;;NO;;alive;NO;;280788901;414493000;53248;65536;0.25;40
z50i3bb5.tif;[52:54[;2;[2 : 4[;NO;SSM;leg;NO;;NO;;NO;;alive;NO;;2770474598;3060078846;207360;103680;0.2302131774022745;40
z56amlxb.tif;[70:72[;2;<1;NO;ALM;foot;NO;YES;YES;1.0;NO;;alive;YES;1.0;3855388802;226741990;47616;40192;0.226490306214894;40
z5qdks0z.tif;[72:74[;1;<1;NO;SSM;trunc;;;NO;;NO;;alive;NO;;65562899;1114666882;81920;140288;0.25;40
z7ajjf8r.tif;[56:58[;1;<1;;SSM;trunc;;;NO;;NO;;alive;NO;;38198019;1201043100;99840;89856;0.2302131774022745;40
z7o9kato.tif;[38:40[;1;[1 : 2[;NO;NM;trunc;;;NO;;NO;;alive;NO;;2803007623;431154070;73728;57344;0.25;40
z7pqrqt8.tif;[64:66[;1;>=4;NO;SSM;thigh;;;NO;;NO;;alive;NO;;3790516870;565178958;90112;84992;0.25;40
z8iwsq36.tif;[72:74[;1;>=4;YES;NM;scalp;NO;YES;NO;;YES;1.0;dead;YES;1.0;476948761;1146739022;81920;91136;0.25;40
z8qi43ps.tif;[68:70[;1;<1;NO;SSM;leg;;;NO;;NO;;alive;NO;;2087474970;457814996;57344;75776;0.25;40
z9o9gqia.tif;[58:60[;1;<1;NO;SSM;leg;;;NO;;NO;;alive;NO;;2075731734;1739256400;180480;103680;0.2302131774022745;40
z9xjswfd.tif;[62:64[;1;[1 : 2[;NO;SSM;upper limb/shoulder;NO;YES;YES;37.0;NO;;alive;YES;37.0;1057485723;981792606;93184;91392;0.2205120289311782;40
za2tvfzu.tif;[54:56[;1;<1;NO;SSM;upper limb/shoulder;;;NO;;NO;;alive;NO;;2018022155;1285948380;98304;155648;0.25;40
zbq9yper.tif;[66:68[;2;[2 : 4[;YES;SSM;lower limb/hip;NO;YES;YES;18.0;YES;31.0;dead;YES;18.0;2345455829;1441476706;106259;306939;0.25;40
zbw9yqxg.tif;[68:70[;1;<1;NO;SSM;thigh;YES;;NO;;NO;;alive;NO;;4149274056;703631650;88359;204649;0.242797397769517;20
zc7ildli.tif;[62:64[;2;<1;NO;SSM;trunk;;;NO;;NO;;alive;NO;;1630496321;572485874;144851;57135;0.263223;40
zdjgwsks.tif;[76:78[;1;<1;NO;LMM;face;;;NO;;NO;;alive;NO;;737037979;3125037340;179030;411074;0.121398698884758;40
zdl6ay7e.tif;[76:78[;1;>=4;YES;;face;;;NO;;NO;;alive;NO;;2411652629;1357996632;77824;113664;0.25;40
zepz32ff.tif;[82:84[;1;>=4;YES;NM;upper limb/shoulder;;YES;NO;;YES;7.0;dead;YES;7.0;1163411844;1890469436;107520;91392;0.2205120289311782;40
zfjn3vb2.tif;[56:58[;1;[2 : 4[;NO;SSM;lower limb/hip;NO;NO;YES;44.0;YES;70.0;dead;YES;44.0;581649035;667233458;65536;133120;0.25;40
zfwwjyxt.tif;[46:48[;2;[1 : 2[;YES;SSM;trunc;NO;;NO;;NO;;alive;NO;;2301714968;2544514926;207360;103680;0.2302131774022745;40
zgdvrb9w.tif;[74:76[;1;[1 : 2[;NO;SSM;arm;;;NO;;NO;;alive;NO;;4005117838;1857992444;180480;103680;0.2302131774022745;40
zgl0j5pk.tif;[58:60[;1;<1;NO;SSM;trunc;NO;;NO;;NO;;alive;NO;;1111638201;3223141772;179030;411074;0.121398698884758;40
zgyrwiqz.tif;[38:40[;2;<1;NO;SSM;sole;;;NO;;NO;;alive;NO;;3037790528;199663840;53248;32768;0.25;40
zhqofkz0.tif;[68:70[;1;<1;NO;SSM;trunc;;;NO;;NO;;alive;NO;;1344000518;1359362846;94208;92160;0.25;40
zjxkbkno.tif;[64:66[;2;[1 : 2[;NO;SSM;face;NO;YES;NO;;NO;;alive;NO;;2401803095;2135173922;179030;411074;0.121398698884758;40
zk2aqndj.tif;[46:48[;1;<1;NO;SSM;trunc;;;NO;;NO;;alive;NO;;1901524968;595601510;73728;75776;0.25;40
zk3kvkfe.tif;[48:50[;1;<1;NO;SSM;upper limb/shoulder;YES;;NO;;NO;;alive;NO;;1226571040;873687012;149227;77224;0.263223;40
zla26pnn.tif;[70:72[;1;[2 : 4[;YES;NM;face;NO;;NO;;NO;;alive;NO;;1963916739;1541316758;90112;147456;0.25;40
zls74zzp.tif;[26:28[;1;[1 : 2[;NO;SSM;face;;YES;NO;;YES;5.0;dead;YES;5.0;422699468;558786210;90112;72704;0.25;40
zlu3lu62.tif;[84:86[;1;>=4;;NM;head/neck;NO;NO;NO;;NO;;dead;NO;;3532511994;1370545708;74448;181552;0.25;40
zmc8j1qw.tif;[78:80[;2;[2 : 4[;YES;SSM;lower limb/hip;NO;;NO;;NO;;alive;NO;;1927787069;672225324;102883;77821;0.263223;40
zpjto47j.tif;[60:62[;1;[2 : 4[;NO;SSM;upper limb/shoulder;NO;NO;NO;;NO;;alive;NO;;3970649277;783477410;65536;131072;0.25;40
zqox8pa3.tif;[62:64[;2;<1;NO;SSM;lower limb/hip;;;NO;;NO;;alive;NO;;819445806;192728896;40960;41984;0.25;40
zr5aauqn.tif;[80:82[;2;>=4;YES;SSM;lower limb/hip;;YES;NO;;YES;38.0;dead;YES;38.0;2090258826;132992106;24576;40960;0.25;40
zrs00rhh.tif;[62:64[;2;<1;NO;LMM;face;;;NO;;NO;;alive;NO;;3911664913;622892694;81920;174080;0.25;40
zrt63nr1.tif;[32:34[;1;<1;NO;SSM;leg;;;NO;;NO;;alive;NO;;4203488509;457812254;49152;72704;0.25;40
zskvebbt.tif;[56:58[;1;<1;NO;SSM;trunc;NO;;NO;;NO;;alive;NO;;1247736434;3507118564;179030;411074;0.121398698884758;40
ztjg9qpa.tif;[74:76[;1;[1 : 2[;NO;NM;trunc;;;NO;;NO;;dead;NO;;1042506732;1403942904;81920;109568;0.25;40
ztn8mwy6.tif;[66:68[;1;<1;NO;SSM;trunc;NO;;NO;;NO;;alive;NO;;1064483791;2666943790;179030;411074;0.121398698884758;40
ztz382ny.tif;[78:80[;2;[1 : 2[;NO;SSM;leg;;;NO;;NO;;alive;NO;;3982628985;1073507306;90112;108544;0.25;40
zu7qstxq.tif;[68:70[;1;[1 : 2[;NO;SSM;forearm;;;NO;;NO;;dead;NO;;1037617179;530309248;73728;74752;0.25;40
zu8lgur3.tif;[78:80[;1;[1 : 2[;NO;SSM;upper limb/shoulder;NO;NO;NO;;NO;;alive;NO;;83276490;1902461808;106259;306939;0.25;40
zvjuybn4.tif;[50:52[;2;[2 : 4[;YES;SSM;forearm;YES;NO;YES;96.0;NO;;alive;YES;96.0;3868899581;710396786;86016;67584;0.25;40
zvq6i07m.tif;[76:78[;1;>=4;YES;unclassified;foot;;NO;YES;10.0;YES;21.0;dead;YES;10.0;55305979;1902329058;90112;165888;0.25;40
zvrljd1u.tif;[86:88[;1;>=4;YES;NM;sole;;NO;YES;1.0;NO;;dead;YES;1.0;824074703;1043289142;86016;86016;0.25;40
zvy86vvj.tif;[86:88[;2;;NO;LMM;face;;;NO;;NO;;dead;NO;;3795133272;34088490;16384;18432;0.25;40
zxocjpa3.tif;[62:64[;1;>=4;NO;SSM;trunc;NO;NO;YES;32.0;NO;;alive;YES;32.0;612057299;1643424192;98304;139264;0.25;40
zy19gwc2.tif;[70:72[;1;[1 : 2[;NO;SSM;trunc;;;NO;;NO;;alive;NO;;3948623946;1198688044;81920;108544;0.25;40
zy5fk3qy.tif;[86:88[;2;<1;NO;LMM;face;;;NO;;NO;;alive;NO;;154274863;1034589274;90112;87040;0.25;40
zyo5fbtd.tif;[64:66[;1;>=4;YES;NM;leg;;NO;YES;1.0;NO;;dead;YES;1.0;666920136;421105580;77824;88064;0.25;40
